"Воздушная масса: Заданное значение[kg/h]","Давление заряда воздуха, фактическое[mbar]","Давление магистрали, уставка[бар]","Действительное давление в рейке[bar]","Клапан регулировки давления в рейке , активация[%]","Масса воздуха[кг/ч]","Подача активации управляющего клапана [%]","Регулятор нагнетаемого давления , активация[%]","Скорость вращения двигателя[об/мин]","Температура воздуха на впуске[degree C]","Температура двигателя[degree C]","Температура охлаждающей жидкости[degree C]","Температура топлива[degree C]"
"55.54","998.95","315.01","313.68","23.16","61.26","32.48","94.98","718","53.85","83.90","84","58.64"
"54.78","998.95","315.01","315.88","23.07","61.26","32.49","94.98","719","53.85","84","84","58.64"
"54.78","998.95","315.01","313.68","23.13","61.57","32.40","94.98","720","53.85","84","84","58.64"
"55.24","998.95","315.01","313.68","23.10","61.34","32.43","94.98","719","53.95","84","84","58.64"
"54.78","998.95","315.01","313.68","23.10","61.26","32.39","94.98","730","53.85","84","84","58.64"
"87.89","1002.97","455.18","450","25.98","106.58","32.33","93.06","1342","53.95","84","84","58.64"
"97.05","1098.92","384.09","384.09","23.54","104.98","32.37","87.86","1216","54.35","84.10","84","58.74"
"94.68","1116.96","373.01","373.1","23.17","104.75","32.37","87.96","1233","54.44","84.20","84","58.74"
"105.67","1124.92","409.77","410.48","24.00","119.78","32.32","88.63","1378","54.54","84.20","84","58.74"
"115.66","1152.94","404.77","405.96","23.30","132.07","32.40","88.08","1474","54.64","84.30","84","58.83"
"123.6","1161.91","382.57","386.29","22.22","141.37","32.30","88.52","1542","54.74","84.40","84","58.83"
"112.38","1180.96","331.16","326.92","21.43","108.49","32.28","94.49","1018","54.74","84.40","84","58.83"
"84.08","1111.92","353.26","353.35","23.08","95.75","32.33","94.72","1148","54.74","84.40","84","58.83"
"92.77","1107.99","354.27","355.46","22.74","101.40","32.37","94.28","1174","54.74","84.50","84","58.83"
"123.37","1133.99","585.60","573.29","29.68","150.84","32.35","94.98","1674","54.84","84.60","84","58.83"
"167.24","1304.92","616.77","608.4","29.55","189.75","32.46","94.98","1585","55.23","84.60","84","58.83"
"149.39","1346.94","517.05","456.69","38.47","172.66","38.70","94.98","1621","55.23","84.70","84","58.93"
"156.18","1368.92","530.19","520.4","37.67","176.39","38.88","94.98","1627","55.33","84.80","85","58.93"
"174.79","1400.96","691.69","711.89","40.55","202.87","37.92","94.98","1769","55.42","84.90","85","58.93"
"206.15","1528.95","663.87","735.97","39.15","241.63","39.55","81.00","1938","55.52","85","85","58.93"
"201.04","1537.92","528.86","524.8","37.75","192.95","38.78","94.98","1458","55.62","85.10","85","59.03"
"157.17","1451.95","671.09","700.91","39.75","173.49","38.91","94.98","1465","55.52","85.20","85","59.13"
"164.19","1466.97","692.05","685.38","39.97","183.03","38.85","94.98","1547","55.62","85.40","85","59.13"
"170.82","1511.92","720.86","722.79","40.63","200.27","38.20","94.98","1625","55.62","85.50","85","59.13"
"187.69","1569.97","773.38","771.27","41.87","221.26","38.05","94.98","1700","55.82","85.70","85","59.13"
"207.06","1635.98","823.99","821.65","42.69","244.45","37.53","94.98","1804","55.91","85.80","85","59.13"
"219.27","1665.92","840.48","856.94","42.96","263.98","37.63","94.32","1897","55.91","85.90","86","59.13"
"219.35","1648.98","554.18","505.06","37.14","247.96","38.80","74.89","1983","55.91","86.10","86","59.23"
"191.88","1522.91","492.28","483.09","36.16","187.46","38.51","94.98","1579","55.91","86.20","86","59.23"
"169.45","1505.97","724.58","762.37","41.12","187.23","38.87","94.98","1519","55.91","86.30","86","59.23"
"172.73","1535.91","739.16","744.76","41.11","195.09","38.69","94.98","1571","55.91","86.50","86","59.23"
"184.25","1569.97","770.90","773.38","41.71","210.65","38.29","94.98","1625","55.91","86.60","86","59.23"
"193.64","1618.95","797.38","806.38","42.54","227.36","38.12","94.98","1693","55.91","86.70","86","59.23"
"205.54","1654.93","730.65","753.58","40.21","238.27","38.86","94.98","1739","55.91","86.80","86","59.32"
"204.7","1605.95","612.87","588.56","38.50","238.73","38.60","94.98","1770","55.91","86.90","87","59.32"
"179.75","1618.95","574.59","588.56","37.76","182.65","39.12","94.98","1442","55.82","87","87","59.32"
"156.25","1496.91","580.10","573.29","38.05","172.43","39.23","94.98","1448","55.52","87.10","87","59.32"
"153.89","1460.93","587.36","595.21","38.29","170.37","39.24","94.98","1459","55.42","87.20","87","59.32"
"149.08","1434.93","541.86","535.79","37.51","166.09","39.24","94.98","1472","55.23","87.20","87","59.32"
"147.1","1413.96","532.39","522.69","37.31","165.18","39.27","94.98","1484","55.13","87.20","87","59.32"
"150.38","1408.92","536.29","540.17","37.33","166.63","39.07","94.98","1502","55.03","87.30","87","59.32"
"163.2","1453.97","697.79","718.38","40.63","183.34","38.66","94.98","1552","54.74","87.30","87","59.32"
"176.78","1526.94","742.55","749.21","41.49","201.72","39.22","94.98","1587","54.74","87.40","87","59.32"
"176.78","1532.98","633.96","610.57","39.76","202.26","36.67","94.98","1632","54.54","87.30","87","59.42"
"189.14","1590.93","787.55","804.18","42.45","222.17","38.32","94.98","1666","54.54","87.30","87","59.42"
"187.23","1579.95","567.46","529.18","37.84","214.85","39.01","94.98","1668","54.35","87.20","87","59.42"
"186.46","1535.91","569.20","571.08","38.16","209.73","39.25","94.98","1681","54.25","87.20","87","59.42"
"176.7","1502.95","495.59","489.69","36.72","195.24","39.42","94.98","1684","53.95","87.20","87","59.32"
"136.03","1404.99","438.78","436.85","35.37","150.38","39.71","92.82","1375","53.85","87.20","87","59.32"
"125.66","1314.99","403.07","410.48","34.61","138.48","40.24","92.22","1356","53.51","87.20","87","59.32"
"112.54","1227.92","309.37","265.29","32.60","125.73","40.71","93.81","1320","53.12","87.10","87","59.32"
"105.13","1139.94","308.18","309.28","32.79","115.74","41.16","94.78","1309","53.02","87.10","87","59.32"
"98.95","1098.92","317.56","302.7","33.12","112.08","39.48","94.45","1331","52.92","87.10","87","59.32"
"110.55","1161.91","370.49","373.1","34.21","122.45","40.37","92.85","1352","52.82","87.10","86","59.23"
"108.95","1161.91","338.68","331.29","33.48","122.07","39.69","92.59","1366","52.53","87","86","59.23"
"110.93","1171.98","367.18","362.07","34.07","122.83","39.99","91.42","1338","52.43","86.90","86","59.23"
"112.54","1178.94","407.30","401.7","35.00","124.44","40.61","90.56","1309","52.14","86.80","86","59.23"
"111.16","1182.97","438.46","405.96","36.35","127.26","38.95","94.98","1345","52.04","86.70","86","59.23"
"117.34","1231.95","469.58","483.09","36.29","130.16","39.88","94.98","1319","51.75","86.50","86","59.23"
"116.04","1233.96","391.08","390.67","34.50","128.94","39.97","92.82","1346","51.45","86.30","86","59.23"
"117.49","1222.98","426.70","434.65","35.37","130.46","40.32","92.81","1328","51.26","86.10","85","59.23"
"117.34","1222.98","407.89","412.68","35.01","129.63","39.96","91.74","1340","50.91","85.90","85","59.13"
"116.04","1216.94","390.07","390.67","34.53","128.79","40.11","92.83","1349","50.72","85.80","85","59.13"
"113.98","1212.91","388.37","379.68","34.60","127.64","39.98","92.83","1346","50.52","85.60","85","59.13"
"112.99","1203.94","375.37","373.1","34.34","127.03","40.08","92.52","1340","50.23","85.50","85","59.13"
"116.35","1212.91","424.86","443.51","35.37","128.25","40.12","94.09","1323","50.13","85.30","85","59.13"
"114.82","1208.97","375.19","366.5","34.14","127.34","40.15","92.60","1337","49.93","85.20","85","59.13"
"114.29","1195.97","370.81","373.1","34.06","125.12","40.11","92.44","1327","49.73","85.10","84","59.13"
"112.46","1188.92","368.47","368.7","34.17","124.06","40.10","92.18","1320","49.54","84.90","84","59.13"
"111.47","1182.97","365.58","362.07","34.11","123.37","40.29","92.33","1321","49.44","84.80","84","58.93"
"115.89","1193.96","429.59","441.3","35.52","125.96","39.80","94.98","1313","49.34","84.70","84","58.93"
"116.96","1229.94","451.46","472.06","35.68","128.18","40.14","94.98","1307","49.15","84.50","84","58.93"
"117.57","1237.99","434.88","439.1","35.44","129.78","39.84","94.98","1327","49.05","84.40","84","58.93"
"119.25","1246.97","476.19","463.27","36.54","133.29","39.25","94.98","1340","48.95","84.30","84","58.93"
"123.45","1280.93","479.67","489.69","36.29","136.19","39.90","94.98","1325","48.75","84.10","84","58.93"
"119.63","1265.92","397.92","405.96","34.57","132.68","40.13","92.62","1345","48.56","84","83","58.83"
"117.57","1229.94","384.41","381.88","34.36","129.47","40.16","92.56","1339","48.41","84","83","58.83"
"116.27","1216.94","383.40","381.88","34.26","127.79","40.23","92.00","1326","48.31","83.80","83","58.83"
"113.3","1199.91","368.47","368.7","34.10","125.43","40.21","92.04","1323","48.12","83.80","83","58.83"
"111.24","1190.93","415.89","384.09","36.00","126.88","38.55","94.98","1353","48.02","83.70","83","58.83"
"118.18","1237.99","541.36","516.09","38.29","133.44","38.85","94.98","1335","47.92","83.60","83","58.83"
"122.99","1293.93","476.78","456.69","36.41","137.48","39.33","94.98","1333","47.92","83.50","83","58.74"
"119.78","1278.92","449.49","454.49","35.80","135.19","39.93","94.98","1343","47.72","83.40","83","58.83"
"120.47","1263.99","446.46","445.68","35.74","134.58","39.89","94.98","1339","47.53","83.40","83","58.83"
"120.55","1259.97","444.70","443.51","35.76","133.36","39.93","94.98","1333","47.53","83.20","83","58.74"
"119.63","1250.99","434.28","434.65","35.55","133.59","39.90","94.98","1337","47.33","83.20","83","58.74"
"123.83","1254.93","528.59","500.68","37.88","138.09","38.61","94.98","1350","47.14","83","82","58.74"
"122.99","1291.92","458.87","447.88","35.89","135.88","39.90","94.98","1346","47.14","83","82","58.74"
"122","1272.97","486.80","472.06","36.64","140.23","39.52","94.98","1345","46.94","82.90","82","58.74"
"122.83","1286.97","465.48","463.27","36.15","138.09","39.66","94.98","1348","46.94","82.80","82","58.74"
"123.29","1280.93","471.09","465.38","36.35","138.09","39.65","94.98","1356","46.84","82.80","82","58.64"
"125.28","1291.92","475.41","474.26","36.32","140.46","39.81","94.98","1352","46.65","82.70","82","58.64"
"125.05","1290","463.00","465.38","36.06","139.09","39.88","94.98","1362","46.65","82.60","82","58.64"
"123.98","1280.93","439.38","452.29","35.55","137.87","40.42","92.00","1350","46.45","82.50","82","58.64"
"120.93","1254.93","405.96","410.48","34.60","134.74","40.49","92.46","1353","46.35","82.50","82","58.64"
"120.55","1233.96","398.67","399.45","35.42","132.52","39.50","94.98","1366","46.25","82.40","82","58.54"
"123.67","1265.92","559.59","540.17","38.49","139.54","39.04","94.98","1358","46.25","82.30","82","58.64"
"126.19","1312.98","458.87","443.51","35.92","139.93","40.10","93.47","1354","46.06","82.20","82","58.54"
"122.99","1269.95","395.30","392.87","34.53","136.03","40.34","92.34","1366","46.06","82.10","82","58.54"
"116.96","1229.94","332.39","315.88","33.17","128.56","40.15","91.66","1337","45.81","82.10","82","58.54"
"107.5","1165.94","308.27","296.09","32.63","119.17","41.18","93.88","1293","45.71","82","81","58.44"
"102.08","1109.91","306.75","307.08","32.67","111.77","41.46","94.75","1287","45.61","81.90","81","58.44"
"96.59","1081.99","306.07","304.96","32.70","107.65","41.43","94.92","1262","45.61","81.80","81","58.44"
"94.15","1066.97","341.27","348.98","33.67","104.68","41.46","94.98","1245","45.42","81.80","81","58.44"
"92.55","1060.93","348.47","346.68","33.80","101.47","40.94","94.98","1178","45.42","81.70","81","58.34"
"87.97","1051.96","349.71","344.57","33.78","95.37","40.81","94.98","1081","45.32","81.60","81","58.34"
"81.25","1039.96","349.99","342.28","33.74","88.35","40.81","94.98","1017","45.22","81.40","81","58.25"
"87.59","1028.98","311.98","296.09","32.80","94.00","41.37","94.98","1044","45.22","81.30","81","58.25"
"83.54","1017.99","307.08","307.08","32.73","98.04","41.09","94.98","1189","45.03","81.20","81","58.25"
"84.69","1032.91","338.50","353.35","33.62","92.24","41.63","94.98","1057","44.93","81","80","58.25"
"78.89","1026.96","347.88","355.46","33.68","88.96","41.17","94.98","1120","44.93","80.90","80","58.25"
"83.47","1024.95","349.57","364.38","33.70","88.65","41.63","94.98","968","44.83","80.70","80","58.25"
"68.36","1024.95","315.01","322.46","33.01","68.74","41.60","94.98","735","44.83","80.60","80","58.25"
"59.36","1011.95","315.01","322.46","33.00","64.77","42.02","94.98","717","44.73","80.40","80","58.25"
"58.14","998.95","315.01","320.4","32.86","64.47","42.11","94.98","719","44.63","80.30","80","58.25"
"64.39","989.97","401.19","368.7","36.00","97.43","37.64","90.71","1407","44.63","80.20","80","58.25"
"145.27","1143.97","677.79","687.58","40.68","181.35","38.29","94.98","1840","44.83","80.20","80","58.25"
"106.36","1282.95","312.67","274.17","32.72","108.57","41.46","93.83","985","44.83","80.20","80","58.25"
"68.06","1113.94","315.01","340.17","32.79","75.53","42.03","94.98","791","44.63","80.10","80","58.25"
"63.17","1047.93","315.01","315.88","32.83","70.95","41.81","94.98","788","44.54","80.10","80","58.25"
"108.19","1041.98","557.07","533.68","38.64","140.38","38.03","94.98","1671","44.63","80.10","80","58.25"
"128.1","1218.95","523.11","452.29","38.57","154.19","36.60","94.98","1585","44.83","80.20","80","58.25"
"143.59","1338.98","438.00","472.06","33.78","152.44","46.51","83.26","1404","45.03","80.20","80","58.25"
"119.55","1201.92","311.71","282.86","32.56","128.94","41.22","93.77","1355","44.93","80.20","80","58.25"
"104.52","1118.97","307.67","293.98","32.56","113.15","41.41","94.97","1253","44.83","80.40","80","58.25"
"92.39","1084.91","309.69","318.06","32.81","99.95","41.46","94.98","1093","45.03","80.50","80","58.25"
"81.94","1058.91","315.01","315.88","33.05","83.77","41.46","94.98","814","45.12","80.60","80","58.25"
"62.56","1032.91","315.01","326.92","33.00","67.06","41.71","94.98","714","45.12","80.70","80","58.15"
"57.45","1013.96","315.01","318.06","32.94","62.94","41.64","94.98","689","45.12","80.80","80","58.15"
"55.77","1007.92","315.01","322.46","32.89","62.87","41.80","94.98","725","45.22","80.90","80","58.15"
"56.46","1004.99","315.01","313.68","32.94","63.17","41.44","94.98","722","45.22","80.90","81","58.25"
"56.15","1002.97","315.01","318.06","32.85","62.94","41.75","94.98","719","45.22","81","81","58.15"
"55.77","1002.97","315.01","318.06","32.93","62.94","41.79","94.98","719","45.32","81","81","58.25"
"60.2","998.95","315.01","315.88","32.84","69.05","41.81","94.98","746","45.42","81.10","81","58.25"
"56.76","998.95","315.01","313.68","33.06","64.16","41.86","94.98","717","45.42","81.20","81","58.25"
"57.68","996.93","315.01","309.28","32.93","64.09","41.87","94.98","719","45.52","81.20","81","58.25"
"57.3","994.92","315.01","315.88","32.97","63.94","41.66","94.98","720","45.52","81.30","81","58.25"
"57.45","994.92","315.01","318.06","32.83","63.86","42.12","94.98","718","45.61","81.30","81","58.25"
"57.83","994.92","315.01","313.68","32.91","64.09","42.04","94.98","717","45.61","81.30","81","58.25"
"57.3","994.92","315.01","318.06","32.95","63.86","41.99","94.98","722","45.71","81.40","81","58.25"
"56.53","994.92","315.01","315.88","32.96","63.86","41.96","94.98","719","45.81","81.50","81","58.25"
"56.99","994.92","315.01","315.88","32.95","63.86","41.67","94.98","718","45.81","81.50","81","58.25"
"57.07","994.92","315.01","315.88","32.90","63.48","41.96","94.98","718","45.81","81.50","81","58.25"
"57.37","994.92","315.01","311.48","32.95","63.86","42.32","94.98","719","46.06","81.60","81","58.25"
"57.07","994.92","315.01","318.06","32.85","63.55","42.19","94.98","720","46.06","81.60","81","58.25"
"56.99","994.92","315.01","315.88","32.96","63.63","42.01","94.98","718","46.06","81.70","81","58.25"
"57.07","994.92","315.01","313.68","32.90","63.86","42.02","94.98","721","46.06","81.80","81","58.25"
"57.07","994.92","315.01","313.68","32.85","63.78","42.06","94.98","720","46.16","81.80","81","58.25"
"57.76","994.92","315.01","315.88","32.84","63.63","42.06","94.98","720","46.25","81.80","81","58.25"
"56.99","994.92","315.01","318.06","32.89","63.78","41.90","94.98","719","46.25","81.80","82","58.25"
"56.53","994.92","315.01","315.88","33.02","63.86","42.06","94.98","720","46.25","81.90","82","58.25"
"57.45","994.92","315.01","313.68","32.97","63.86","42.15","94.98","718","46.35","82","82","58.25"
"56.69","994.92","315.01","313.68","32.84","63.86","42.13","94.98","719","46.45","82","82","58.25"
"57.37","994.92","315.01","313.68","32.89","63.78","41.96","94.98","722","46.45","82.10","82","58.25"
"57.68","992.99","315.01","311.48","32.93","63.78","41.93","94.98","717","46.45","82.10","82","58.25"
"57.83","994.92","315.01","313.68","32.93","63.55","42","94.98","721","46.55","82.10","82","58.25"
"57.14","994.92","315.01","311.48","32.82","63.78","42.02","94.98","720","46.65","82.10","82","58.25"
"57.37","994.92","315.01","313.68","32.80","63.63","41.98","94.98","720","46.65","82.10","82","58.25"
"56.38","994.92","315.01","315.88","32.80","62.94","41.95","94.98","730","46.65","82.20","82","58.25"
"57.98","994.92","315.01","315.88","33.31","63.32","42.26","94.98","705","46.74","82.30","82","58.25"
"57.45","994.92","315.01","313.68","32.87","64.09","41.92","94.98","727","46.74","82.40","82","58.25"
"57.3","992.99","315.01","311.48","32.93","63.63","41.83","94.98","715","46.84","82.40","82","58.25"
"56.76","994.92","315.01","318.06","32.92","63.48","41.89","94.98","719","46.84","82.50","82","58.25"
"57.07","992.99","315.01","313.68","32.97","63.63","41.83","94.98","719","46.94","82.50","82","58.25"
"56.53","992.99","315.01","313.68","32.88","63.48","42.21","94.98","719","46.94","82.50","82","58.25"
"56.38","989.97","315.01","318.06","32.87","63.32","41.86","94.98","722","46.94","82.50","82","58.25"
"56.84","994.92","315.01","313.68","33.11","62.94","42.18","94.98","721","46.94","82.60","82","58.25"
"57.3","992.99","315.01","318.06","32.92","63.55","42.05","94.98","718","46.94","82.60","82","58.25"
"55.92","994.92","315.01","315.88","32.82","63.55","41.94","94.98","720","47.04","82.70","82","58.15"
"57.37","992.99","315.01","315.88","32.88","63.17","42.14","94.98","717","47.14","82.70","82","58.25"
"57.76","989.97","315.01","315.88","32.93","63.55","41.95","94.98","720","47.14","82.80","82","58.15"
"56.84","989.97","315.01","315.88","33.02","63.32","41.93","94.98","721","47.14","82.80","82","58.25"
"57.3","989.97","315.01","315.88","32.96","63.10","41.76","94.98","719","47.23","82.80","82","58.25"
"57.53","989.97","315.01","315.88","32.92","63.32","42.18","94.98","718","47.33","82.90","82","58.25"
"56.99","989.97","315.01","318.06","32.86","63.25","41.98","94.98","720","47.33","82.90","82","58.25"
"56.76","989.97","315.01","311.48","32.92","63.48","42","94.98","719","47.33","82.90","83","58.15"
"55.85","992.99","315.01","313.68","32.87","63.25","42.14","94.98","722","47.43","83","83","58.25"
"57.76","989.97","315.01","318.06","33.01","63.17","42.04","94.98","720","47.43","83","83","58.25"
"57.37","989.97","315.01","315.88","32.87","63.32","42.01","94.98","722","47.53","83.10","83","58.25"
"57.37","992.99","315.01","313.68","32.91","63.48","41.96","94.98","719","47.53","83.10","83","58.15"
"56.23","992.99","315.01","311.48","32.86","63.32","42.05","94.98","723","47.53","83.10","83","58.15"
"57.14","989.97","315.01","311.48","32.82","63.48","42.06","94.98","719","47.63","83.20","83","58.15"
"57.53","989.97","315.01","318.06","32.92","63.10","42.06","94.98","719","47.63","83.20","83","58.25"
"57.14","989.97","315.01","313.68","32.91","63.17","42.19","94.98","722","47.72","83.30","83","58.15"
"57.45","989.97","315.01","318.06","32.86","63.25","42","94.98","717","47.72","83.30","83","58.15"
"57.07","989.97","315.01","313.68","32.86","63.32","42.19","94.98","720","47.82","83.30","83","58.15"
"57.14","992.99","315.01","313.68","32.82","63.25","42.10","94.98","719","47.82","83.40","83","58.15"
"57.45","989.97","315.01","313.68","32.87","63.32","42.05","94.98","717","47.92","83.40","83","58.15"
"56.69","992.99","315.01","315.88","32.87","63.55","41.99","94.98","720","47.92","83.40","83","58.15"
"57.07","989.97","315.01","318.06","32.91","63.32","42.06","94.98","719","47.92","83.40","83","58.15"
"57.14","989.97","315.01","313.68","32.82","63.48","41.95","94.98","722","48.02","83.40","83","58.15"
"56.84","989.97","315.01","313.68","32.91","62.94","41.80","94.98","718","48.02","83.50","83","58.15"
"56.99","989.97","315.01","315.88","32.87","63.48","42.14","94.98","720","48.12","83.60","83","58.15"
"56.84","989.97","315.01","313.68","32.96","63.32","42.04","94.98","722","48.12","83.60","83","58.25"
"56.76","989.97","315.01","311.48","32.95","63.32","41.99","94.98","719","48.12","83.60","83","58.15"
"56.84","989.97","315.01","318.06","32.82","62.94","42.07","94.98","721","48.21","83.70","83","58.15"
"56.84","989.97","315.01","318.06","32.91","63.25","42.09","94.98","717","48.31","83.70","83","58.15"
"56.76","989.97","315.01","315.88","32.82","63.32","41.92","94.98","720","48.31","83.70","83","58.15"
"56.53","989.97","315.01","311.48","32.96","63.48","41.86","94.98","719","48.31","83.70","83","58.25"
"57.3","989.97","315.01","313.68","32.91","63.17","42.06","94.98","718","48.41","83.70","83","58.15"
"56.99","989.97","315.01","315.88","32.82","63.17","42.02","94.98","721","48.41","83.80","83","58.15"
"57.07","989.97","315.01","311.48","32.82","63.32","42.12","94.98","722","48.41","83.80","83","58.15"
"56.46","989.97","315.01","313.68","33.00","62.94","41.91","94.98","721","48.56","83.90","83","58.25"
"57.3","989.97","315.01","315.88","32.91","63.32","42.07","94.98","719","48.56","83.90","84","58.15"
"57.07","989.97","315.01","318.06","32.82","63.17","42.01","94.98","719","48.66","84","84","58.15"
"57.3","989.97","315.01","313.68","32.95","63.17","42.15","94.98","720","48.66","84","84","58.15"
"56.76","989.97","315.01","315.88","32.77","63.17","42.25","94.98","720","48.75","84","84","58.15"
"57.37","989.97","315.01","315.88","32.86","63.17","42.01","94.98","720","48.75","84","84","58.15"
"56.84","989.97","315.01","315.88","32.91","63.17","41.98","94.98","721","48.75","84","84","58.15"
"57.14","989.97","315.01","311.48","32.91","63.17","42.03","94.98","723","48.85","84","84","58.25"
"57.07","989.97","315.01","315.88","32.86","63.25","42.19","94.98","720","48.85","84.10","84","58.15"
"57.07","989.97","315.01","318.06","32.86","63.48","42.31","94.98","717","48.95","84.20","84","58.15"
"56.53","989.97","315.01","313.68","32.77","63.10","42.04","94.98","720","48.95","84.20","84","58.15"
"57.53","989.97","315.01","313.68","32.86","63.17","42.06","94.98","721","49.05","84.20","84","58.15"
"56.69","989.97","315.01","313.68","32.86","63.10","42.05","94.98","718","49.05","84.30","84","58.25"
"56.69","989.97","315.01","311.48","32.86","63.25","42.18","94.98","720","49.15","84.40","84","58.15"
"56.69","989.97","315.01","311.48","32.92","63.25","41.99","94.98","717","49.15","84.40","84","58.25"
"57.14","989.97","315.01","313.68","32.87","63.25","42.11","94.98","719","49.15","84.40","84","58.25"
"56.53","989.97","315.01","313.68","32.86","63.17","42.05","94.98","721","49.15","84.40","84","58.15"
"56.84","989.97","315.01","315.88","32.77","62.94","42.07","94.98","718","49.24","84.40","84","58.25"
"56.23","989.97","315.01","315.88","32.82","63.17","42.01","94.98","720","49.24","84.40","84","58.15"
"56.84","989.97","315.01","311.48","32.92","63.17","42.34","94.98","721","49.34","84.50","84","58.25"
"56.84","989.97","315.01","313.68","32.87","63.10","41.96","94.98","720","49.34","84.50","84","58.25"
"56.76","989.97","315.01","313.68","32.92","63.17","42.06","94.98","717","49.34","84.50","84","58.25"
"56.69","989.97","315.01","315.88","32.77","63.10","42.16","94.98","722","49.54","84.60","84","58.25"
"56.46","989.97","315.01","313.68","32.82","63.10","42.23","94.98","720","49.44","84.60","84","58.25"
"57.14","989.97","315.01","313.68","32.91","63.17","42.12","94.98","718","49.54","84.70","84","58.25"
"56.84","989.97","315.01","315.88","32.77","63.10","42.39","94.98","720","49.54","84.70","84","58.25"
"56.76","989.97","315.01","313.68","32.87","62.87","42.06","94.98","721","49.64","84.70","84","58.25"
"56.99","989.97","315.01","318.06","32.86","63.10","42.29","94.98","719","49.64","84.70","84","58.25"
"56.46","989.97","315.01","313.68","32.77","63.17","42.24","94.98","720","49.64","84.70","84","58.25"
"56.53","989.97","315.01","313.68","32.92","63.10","42.23","94.98","718","49.73","84.70","84","58.25"
"56.99","989.97","315.01","313.68","32.91","63.17","42.12","94.98","722","49.73","84.80","84","58.25"
"56.99","989.97","315.01","318.06","32.82","63.25","42.07","94.98","722","49.73","84.80","84","58.25"
"56.99","989.97","315.01","311.48","32.79","63.25","42.30","94.98","719","49.83","84.80","84","58.25"
"56.76","989.97","315.01","315.88","32.77","63.10","42.19","94.98","720","49.83","84.80","85","58.25"
"56.53","989.97","315.01","318.06","32.86","62.87","42.21","94.98","720","49.93","84.90","85","58.25"
"56.99","989.97","315.01","315.88","32.92","63.17","42.30","94.98","722","49.93","85","85","58.25"
"56.23","989.97","315.01","315.88","32.91","63.17","42.40","94.98","720","49.93","85","85","58.25"
"57.3","989.97","315.01","313.68","32.87","63.17","42.15","94.98","721","50.03","85","85","58.25"
"56.69","989.97","315.01","318.06","32.79","63.17","42.03","94.98","720","50.03","85","85","58.25"
"56.38","989.97","315.01","318.06","32.87","62.94","42.03","94.98","719","50.13","85","85","58.25"
"55.92","989.97","315.01","315.88","32.96","63.17","42.01","94.98","722","50.13","85","85","58.25"
"57.3","989.97","315.01","315.88","32.87","63.25","42.31","94.98","719","50.13","85.10","85","58.25"
"56.23","989.97","315.01","311.48","32.82","63.17","42.14","94.98","719","50.23","85.20","85","58.25"
"56.69","989.97","315.01","313.68","32.92","62.94","41.95","94.98","721","50.23","85.20","85","58.25"
"56.15","989.97","315.01","315.88","32.79","63.17","42.29","94.98","720","50.32","85.20","85","58.15"
"56.76","989.97","315.01","320.4","32.92","63.10","42.37","94.98","717","50.32","85.20","85","58.25"
"56.69","989.97","315.01","313.68","32.87","63.10","42.15","94.98","720","50.32","85.30","85","58.15"
"57.3","989.97","315.01","313.68","32.82","63.25","42.02","94.98","718","50.32","85.30","85","58.25"
"56.69","989.97","315.01","313.68","32.97","62.94","42.14","94.98","719","50.52","85.30","85","58.15"
"57.14","989.97","315.01","313.68","32.80","63.10","42.15","94.98","717","50.52","85.30","85","58.15"
"56.38","989.97","315.01","318.06","32.82","63.10","42.06","94.98","721","50.62","85.30","85","58.15"
"56.53","989.97","315.01","315.88","32.96","63.10","42.21","94.98","720","50.62","85.30","85","58.15"
"56.15","989.97","315.01","315.88","32.77","63.17","42.19","94.98","720","50.62","85.40","85","58.15"
"56.69","989.97","315.01","311.48","32.92","63.17","41.91","94.98","720","50.72","85.50","85","58.05"
"56.53","989.97","315.01","311.48","32.82","62.94","42.23","94.98","721","50.81","85.50","85","58.05"
"56.99","989.97","315.01","315.88","32.79","63.10","42.37","94.98","720","50.81","85.50","85","58.05"
"56.15","989.97","315.01","313.68","32.93","63.10","42.14","94.98","720","50.81","85.50","85","57.85"
"56.08","989.97","315.01","315.88","32.97","63.10","42.06","94.98","718","50.81","85.60","85","57.85"
"56.46","989.97","315.01","315.88","32.79","62.94","41.97","94.98","721","50.91","85.60","85","57.76"
"56.53","989.97","315.01","315.88","32.80","62.87","42.18","94.98","718","50.91","85.60","85","57.76"
"57.07","989.97","315.01","315.88","32.82","62.87","42.10","94.98","718","51.06","85.60","85","57.76"
"56.46","989.97","315.01","318.06","32.92","62.94","42.09","94.98","719","51.06","85.60","85","57.66"
"57.45","989.97","315.01","311.48","32.92","62.87","42.19","94.98","720","51.06","85.60","85","57.66"
"56.38","989.97","315.01","313.68","32.79","63.10","42.24","94.98","719","51.26","85.60","85","57.56"
"56.76","989.97","315.01","315.88","32.87","63.10","42.02","94.98","719","51.26","85.70","85","57.56"
"56.46","989.97","315.01","315.88","32.83","62.94","41.98","94.98","720","51.26","85.70","85","57.56"
"56.38","989.97","315.01","318.06","32.88","63.10","42.21","94.98","719","51.35","85.80","85","57.41"
"56.53","989.97","315.01","315.88","32.87","62.94","42.31","94.98","718","51.35","85.80","85","57.41"
"56.84","989.97","315.01","311.48","32.92","62.94","42.08","94.98","721","51.45","85.80","85","57.31"
"56.46","989.97","315.01","318.06","32.92","62.87","42.21","94.98","718","51.45","85.80","85","57.21"
"56.46","989.97","315.01","315.88","32.88","62.94","42.27","94.98","719","51.45","85.90","85","57.21"
"56.76","989.97","315.01","313.68","32.82","63.17","42.35","94.98","718","51.55","85.90","85","57.12"
"57.14","989.97","315.01","313.68","32.83","62.87","41.99","94.98","723","51.55","85.90","85","57.12"
"56.76","989.97","315.01","315.88","32.93","62.79","41.89","94.98","718","51.55","85.90","85","57.12"
"56.53","989.97","315.01","313.68","32.92","63.17","42.02","94.98","722","51.55","85.90","85","57.12"
"56.84","989.97","315.01","311.48","32.88","62.64","42.04","94.98","717","51.65","85.90","85","57.02"
"56.23","989.97","315.01","315.88","32.94","63.17","42.05","94.98","718","51.65","85.90","85","57.02"
"56.46","987.96","315.01","313.68","32.93","62.94","42.15","94.98","718","51.75","85.90","85","56.92"
"55.85","989.97","315.01","318.06","32.88","63.10","42.09","94.98","720","51.75","86","86","56.92"
"57.45","987.96","315.01","318.06","32.83","62.94","42.32","94.98","720","51.75","86","86","56.92"
"56.15","989.97","315.01","315.88","32.80","62.87","42.28","94.98","720","51.75","86.10","86","56.82"
"56.99","989.97","315.01","311.48","32.97","63.10","42.19","94.98","720","51.84","86.10","86","56.82"
"56.15","989.97","315.01","313.68","32.88","62.79","42.21","94.98","719","51.84","86.10","86","56.63"
"57.14","989.97","315.01","313.68","32.83","62.94","42.23","94.98","723","51.84","86.20","86","56.63"
"56.84","989.97","315.01","315.88","32.81","62.87","42.07","94.98","719","52.04","86.20","86","56.63"
"56.08","989.97","315.01","313.68","32.88","62.49","41.98","94.98","720","52.04","86.30","86","56.53"
"56.76","987.96","315.01","315.88","32.93","62.94","42.13","94.98","719","52.04","86.30","86","56.53"
"56.08","989.97","315.01","313.68","32.88","62.64","42.04","94.98","719","52.14","86.30","86","56.53"
"56.84","989.97","315.01","315.88","32.80","62.94","42.39","94.98","718","52.14","86.30","86","56.43"
"56.38","987.96","315.01","313.68","32.83","62.94","42.23","94.98","719","52.24","86.30","86","56.43"
"56.53","989.97","315.01","311.48","32.84","63.10","42.01","94.98","719","52.24","86.30","86","56.43"
"56.38","987.96","315.01","315.88","32.88","62.64","42.07","94.98","719","52.24","86.30","86","56.43"
"56.53","989.97","315.01","315.88","32.88","62.79","42.16","94.98","723","52.24","86.30","86","56.33"
"56.99","989.97","315.01","313.68","32.84","63.10","42.24","94.98","718","52.24","86.40","86","56.33"
"56.38","987.96","315.01","315.88","32.81","62.64","42.12","94.98","720","52.33","86.40","86","56.33"
"56.69","989.97","315.01","315.88","32.98","62.79","42.19","94.98","719","52.33","86.40","86","56.23"
"57.07","989.97","315.01","311.48","32.94","62.87","42.10","94.98","718","52.43","86.40","86","56.23"
"55.24","987.96","315.01","313.68","32.88","62.87","42.19","94.98","720","52.43","86.50","86","56.23"
"56.69","987.96","315.01","315.88","32.94","62.94","42.26","94.98","721","52.43","86.50","86","56.23"
"57.14","987.96","315.01","315.88","32.83","62.94","42.19","94.98","718","52.43","86.60","86","56.23"
"55.85","987.96","315.01","318.06","32.80","62.79","42.31","94.98","717","52.53","86.60","86","56.23"
"57.07","985.95","315.01","318.06","32.94","62.79","42.04","94.98","717","52.53","86.60","86","56.14"
"56.99","987.96","315.01","315.88","32.84","62.79","42.29","94.98","723","52.53","86.60","86","56.14"
"55.7","987.96","315.01","311.48","32.94","62.79","42.01","94.98","720","52.73","86.60","86","56.14"
"56.69","987.96","315.01","315.88","32.80","62.87","42.18","94.98","719","52.73","86.60","86","56.14"
"56.08","989.97","315.01","313.68","32.83","62.56","42.34","94.98","719","52.73","86.60","86","56.04"
"55.92","985.95","315.01","311.48","32.89","62.87","42.05","94.98","719","52.73","86.60","86","56.04"
"56.15","989.97","315.01","313.68","32.98","62.87","42.08","94.98","717","52.82","86.70","86","56.04"
"56.46","985.95","315.01","309.28","32.97","63.10","42.04","94.98","718","52.82","86.70","86","56.04"
"56.23","985.95","315.01","318.06","32.83","62.64","42.38","94.98","719","52.82","86.70","86","56.04"
"56.53","987.96","315.01","313.68","32.80","62.56","42.10","94.98","721","52.92","86.70","86","56.04"
"56.69","987.96","315.01","318.06","32.81","62.56","42.16","94.98","716","52.92","86.80","86","56.04"
"56.38","989.97","315.01","313.68","32.83","62.56","42.11","94.98","725","52.92","86.80","86","56.04"
"56.08","987.96","315.01","313.68","32.84","62.87","41.89","94.98","721","52.92","86.90","86","56.04"
"56.38","989.97","315.01","315.88","32.83","62.79","42.19","94.98","718","53.02","86.90","86","56.04"
"55.77","987.96","315.01","315.88","32.80","62.64","42.26","94.98","720","53.02","86.90","86","56.04"
"56.15","987.96","315.01","315.88","32.81","62.56","42.21","94.98","721","53.02","86.90","86","56.04"
"56.08","985.95","315.01","311.48","32.94","62.56","42.07","94.98","722","53.12","86.90","86","56.04"
"56.08","987.96","315.01","313.68","32.94","62.56","42.24","94.98","720","53.12","86.90","86","56.04"
"56.46","989.97","315.01","313.68","32.93","62.64","42.05","94.98","719","53.12","86.90","86","56.04"
"55.92","985.95","315.01","313.68","32.88","62.87","42.21","94.98","719","53.12","86.90","87","55.94"
"56.76","985.95","315.01","318.06","32.84","62.56","42.11","94.98","720","53.22","87","87","56.04"
"56.84","987.96","315.01","315.88","32.84","62.26","42.16","94.98","719","53.22","87.10","87","56.04"
"56.69","987.96","315.01","313.68","32.89","62.64","42.19","94.98","721","53.22","87.10","87","55.94"
"55.77","987.96","315.01","318.06","32.94","62.87","42.14","94.98","722","53.31","87.10","87","55.94"
"55.85","987.96","315.01","313.68","32.81","62.64","42.27","94.98","722","53.51","87.10","87","55.94"
"55.77","989.97","315.01","313.68","32.83","62.33","42.15","94.98","720","53.31","87.10","87","55.94"
"56.23","985.95","315.01","315.88","32.81","62.79","42.24","94.98","721","53.51","87.10","87","55.94"
"56.38","985.95","315.01","315.88","32.95","62.64","42.07","94.98","721","53.51","87.20","87","55.94"
"56.15","987.96","315.01","313.68","32.89","62.56","42.06","94.98","717","53.51","87.20","87","55.94"
"56.46","985.95","315.01","318.06","32.81","62.56","42.56","94.98","719","53.51","87.20","87","55.94"
"56.69","985.95","315.01","313.68","32.81","62.56","42.21","94.98","720","53.66","87.20","87","55.84"
"55.7","985.95","315.01","313.68","32.81","62.64","42.39","94.98","718","53.66","87.20","87","55.84"
"56.08","987.96","315.01","315.88","32.84","62.64","42.28","94.98","717","53.66","87.20","87","55.84"
"56.38","987.96","315.01","313.68","32.94","62.49","42.19","94.98","720","53.66","87.20","87","55.84"
"55.54","987.96","315.01","315.88","32.81","62.49","42.05","94.98","724","53.66","87.20","87","55.84"
"56.46","985.95","315.01","315.88","32.84","62.49","42.03","94.98","720","53.66","87.20","87","55.84"
"56.38","985.95","315.01","311.48","32.85","62.64","42.21","94.98","716","53.76","87.30","87","55.84"
"55.54","987.96","315.01","311.48","32.85","62.64","42.03","94.98","723","53.76","87.40","87","55.84"
"56.23","985.95","315.01","315.88","32.82","62.64","42.09","94.98","719","53.85","87.40","87","55.84"
"55.16","987.96","315.01","311.48","32.82","62.03","42.23","94.98","720","53.85","87.40","87","55.84"
"56.23","985.95","315.01","311.48","32.82","62.56","42.21","94.98","720","53.85","87.40","87","55.84"
"56.23","985.95","315.01","311.48","32.85","62.26","42.11","94.98","719","53.85","87.40","87","55.84"
"56.38","987.96","315.01","318.06","32.89","62.87","42.11","94.98","721","53.85","87.50","87","55.84"
"56.38","987.96","315.01","318.06","32.82","62.26","42.11","94.98","718","53.95","87.50","87","55.84"
"56.99","985.95","315.01","313.68","32.85","62.56","42.39","94.98","719","53.95","87.50","87","55.74"
"56.08","985.95","315.01","315.88","32.82","62.33","42.40","94.98","720","53.95","87.50","87","55.74"
"56.53","985.95","315.01","315.88","33.00","62.26","41.94","94.98","720","54.05","87.50","87","55.74"
"56.08","985.95","315.01","318.06","32.85","62.56","42.06","94.98","718","54.05","87.50","87","55.74"
"56.08","985.95","315.01","318.06","32.95","62.33","42.21","94.98","721","54.05","87.50","87","55.55"
"56.23","985.95","315.01","313.68","32.99","62.26","41.90","94.98","719","54.05","87.50","87","55.55"
"55.7","985.95","315.01","318.06","32.86","62.56","42.21","94.98","720","54.25","87.50","87","55.55"
"56.23","985.95","315.01","318.06","32.82","62.26","42.24","94.98","717","54.25","87.50","87","55.55"
"55.92","985.95","315.01","318.06","32.91","62.49","42.18","94.98","718","54.25","87.60","87","55.55"
"57.37","985.95","315.01","313.68","32.87","62.79","42.09","94.98","723","54.25","87.60","87","55.45"
"56.38","985.95","315.01","311.48","32.91","62.49","41.96","94.98","718","54.25","87.70","87","55.45"
"56.38","987.96","315.01","313.68","32.91","62.26","42.05","94.98","718","54.35","87.70","87","55.35"
"56.08","985.95","315.01","318.06","32.73","62.26","42.23","94.98","719","54.35","87.70","87","55.35"
"55.85","985.95","315.01","311.48","32.86","62.33","42.14","94.98","721","54.35","87.70","87","55.35"
"56.69","985.95","315.01","313.68","32.91","62.26","42.24","94.98","719","54.35","87.80","87","55.25"
"56.46","985.95","315.01","311.48","32.91","62.49","42.06","94.98","719","54.35","87.80","87","55.25"
"55.77","985.95","315.01","320.4","32.82","62.56","42.19","94.98","724","54.44","87.90","87","55.16"
"56.53","985.95","315.01","315.88","32.85","62.49","42.13","94.98","724","54.44","87.90","87","55.16"
"56.53","985.95","315.01","315.88","32.77","62.03","42.08","94.98","717","54.44","87.90","87","55.06"
"56.08","985.95","315.01","318.06","32.77","62.49","42.03","94.98","719","54.54","87.90","87","55.06"
"56.23","985.95","315.01","315.88","32.86","62.49","41.90","94.98","718","54.54","87.90","87","54.96"
"56.69","985.95","315.01","318.06","32.90","62.49","41.99","94.98","719","54.54","87.90","87","54.96"
"55.54","985.95","315.01","318.06","32.84","62.49","41.93","94.98","722","54.54","87.90","87","54.96"
"55.85","985.95","315.01","320.4","32.71","62.79","42.06","94.98","721","54.54","87.90","87","54.81"
"56.69","985.95","315.01","313.68","32.82","62.33","42.19","94.98","721","54.54","87.90","87","54.71"
"56.15","985.95","315.01","315.88","32.85","62.49","42.23","94.98","717","54.64","87.90","88","54.81"
"56.84","985.95","315.01","313.68","32.82","62.64","42.13","94.98","720","54.64","88","88","54.71"
"55.54","985.95","315.01","313.68","32.71","62.49","42.18","94.98","720","54.64","88","88","54.71"
"55.77","985.95","315.01","315.88","32.77","62.49","42.23","94.98","722","54.64","88","88","54.62"
"56.38","985.95","315.01","313.68","32.82","62.33","42.30","94.98","721","54.74","88","88","54.52"
"55.92","985.95","315.01","313.68","32.82","62.33","41.85","94.98","717","54.74","88","88","54.52"
"56.46","985.95","315.01","315.88","32.77","62.33","42.03","94.98","718","54.74","88","88","54.52"
"55.92","985.95","315.01","315.88","32.77","62.33","42.19","94.98","722","54.74","88.10","88","54.52"
"55.85","985.95","315.01","313.68","32.71","62.87","42.01","94.98","718","54.74","88.10","88","54.32"
"56.46","985.95","315.01","315.88","32.82","62.49","42.04","94.98","717","54.74","88.20","88","54.32"
"56.46","985.95","315.01","315.88","32.82","62.56","42.11","94.98","717","54.84","88.20","88","54.22"
"56.15","985.95","315.01","311.48","32.77","62.33","42.14","94.98","716","54.84","88.20","88","54.22"
"55.85","985.95","315.01","315.88","32.73","62.49","41.81","94.98","722","54.84","88.20","88","54.22"
"56.38","985.95","315.01","315.88","32.82","62.18","42.10","94.98","724","54.84","88.20","88","54.13"
"56.15","985.95","315.01","315.88","32.86","62.56","42.06","94.98","719","55.03","88.20","88","54.13"
"56.08","985.95","315.01","313.68","32.82","62.26","42.15","94.98","719","54.84","88.20","88","54.03"
"56.15","985.95","315.01","313.68","32.73","62.18","42.30","94.98","721","55.03","88.20","88","54.03"
"56.15","985.95","315.01","313.68","32.77","62.26","41.90","94.98","720","55.03","88.20","88","54.03"
"56.46","985.95","315.01","313.68","32.86","62.26","41.89","94.98","721","55.03","88.20","88","53.93"
"55.85","985.95","315.01","318.06","32.82","62.49","42.12","94.98","723","55.03","88.30","88","53.93"
"56.23","985.95","315.01","313.68","32.83","62.33","42.13","94.98","719","55.13","88.30","88","53.83"
"55.54","985.95","315.01","313.68","32.88","62.26","42.02","94.98","724","55.13","88.30","88","53.83"
"55.24","985.95","315.01","318.06","32.75","62.26","42.03","94.98","718","55.13","88.30","88","53.83"
"56.23","985.95","315.01","318.06","32.79","62.49","41.92","94.98","718","55.13","88.30","88","53.73"
"55.7","985.95","315.01","315.88","32.87","62.33","42.14","94.98","719","55.13","88.30","88","53.73"
"55.85","985.95","315.01","318.06","32.87","62.26","42.19","94.98","720","55.23","88.30","88","53.73"
"55.7","985.95","315.01","315.88","32.79","62.26","42.21","94.98","721","55.23","88.40","88","53.64"
"56.15","985.95","315.01","313.68","32.75","62.33","42.05","94.98","719","55.23","88.40","88","53.64"
"56.53","985.95","315.01","313.68","32.79","62.33","42.33","94.98","719","55.23","88.50","88","53.64"
"56.53","985.95","315.01","313.68","32.84","62.26","41.95","94.98","719","55.23","88.50","88","53.54"
"56.84","985.95","315.01","318.06","32.84","62.18","42","94.98","722","55.23","88.50","88","53.54"
"56.08","985.95","315.01","311.48","32.80","62.03","42.10","94.98","724","55.23","88.50","88","53.54"
"55.77","985.95","315.01","315.88","32.83","62.18","42.28","94.98","722","55.33","88.50","88","53.44"
"56.15","985.95","315.01","318.06","32.80","62.03","42.06","94.98","720","55.33","88.50","88","53.44"
"56.08","985.95","315.01","318.06","32.88","62.26","42","94.98","718","55.33","88.50","88","53.44"
"56.46","985.95","315.01","318.06","32.93","62.26","42.08","94.98","719","55.33","88.50","88","53.44"
"55.47","985.95","315.01","318.06","32.75","62.26","42.13","94.98","722","55.33","88.50","88","53.44"
"55.85","985.95","315.01","315.88","32.69","62.33","42.40","94.98","720","55.42","88.60","88","53.34"
"55.39","985.95","315.01","318.06","32.75","62.26","42.19","94.98","719","55.42","88.60","88","53.24"
"56.15","985.95","315.01","311.48","32.80","62.26","42.14","94.98","721","55.42","88.70","88","53.24"
"56.08","985.95","315.01","313.68","32.84","62.33","41.88","94.98","720","55.42","88.70","88","53.15"
"55.47","985.95","315.01","315.88","32.83","62.79","42.14","94.98","724","55.42","88.70","88","53.15"
"55.54","985.95","315.01","311.48","32.83","62.18","42.24","94.98","720","55.42","88.70","88","53.15"
"56.23","985.95","315.01","315.88","32.79","62.26","42.27","94.98","721","55.42","88.70","88","53.15"
"56.69","985.95","315.01","315.88","32.83","62.26","42.36","94.98","721","55.42","88.70","88","53.05"
"55.16","985.95","315.01","315.88","32.80","62.18","42.11","94.98","720","55.52","88.80","88","53.05"
"56.38","985.95","315.01","313.68","33.02","62.18","42.33","94.98","713","55.52","88.80","88","52.95"
"56.38","985.95","315.01","315.88","32.84","62.87","41.81","94.98","723","55.52","88.80","88","52.95"
"56.08","985.95","315.01","313.68","32.79","62.26","42.07","94.98","720","55.52","88.80","88","52.95"
"55.77","985.95","315.01","313.68","32.75","62.26","42.01","94.98","718","55.62","88.80","88","52.85"
"56.15","985.95","315.01","315.88","32.84","62.18","41.98","94.98","721","55.62","88.80","88","52.85"
"55.92","985.95","315.01","313.68","32.84","62.26","42.19","94.98","718","55.62","88.80","88","52.75"
"55.77","985.95","315.01","315.88","32.75","62.33","42.18","94.98","719","55.62","88.80","88","52.75"
"55.92","985.95","315.01","315.88","32.75","62.26","42.09","94.98","718","55.62","88.80","88","52.75"
"55.7","985.95","315.01","313.68","32.80","62.33","42.19","94.98","720","55.62","88.80","88","52.75"
"55.92","985.95","315.01","318.06","32.84","62.26","41.85","94.98","721","55.62","88.80","88","52.65"
"56.15","985.95","315.01","315.88","32.80","62.18","42.05","94.98","721","55.62","88.80","89","52.65"
"55.47","985.95","315.01","311.48","32.84","62.56","42.13","94.98","722","55.62","88.90","89","52.56"
"56.08","985.95","315.01","313.68","32.88","62.26","41.97","94.98","720","55.82","88.90","89","52.56"
"55.77","985.95","315.01","311.48","32.79","62.26","42.14","94.98","719","55.82","89","89","52.56"
"55.85","985.95","315.01","315.88","32.84","62.26","42.07","94.98","717","55.82","89","89","52.46"
"55.85","985.95","315.01","313.68","32.80","62.26","41.96","94.98","721","55.82","89","89","52.31"
"55.92","985.95","315.01","311.48","32.85","62.18","42.01","94.98","719","55.91","89","89","52.31"
"56.15","985.95","315.01","313.68","32.84","62.26","41.87","94.98","720","55.82","89","89","52.31"
"55.7","985.95","315.01","315.88","32.80","62.18","41.83","94.98","720","55.91","89","89","52.31"
"56.23","985.95","315.01","313.68","32.84","62.26","41.89","94.98","721","55.91","89","89","52.11"
"55.7","985.95","315.01","313.68","32.80","62.33","42.15","94.98","722","55.91","89.10","89","52.11"
"55.85","985.95","315.01","311.48","32.88","62.33","42.08","94.98","715","55.91","89","89","52.02"
"56.08","985.95","315.01","313.68","32.88","62.56","41.85","94.98","723","55.91","89.10","89","52.02"
"55.77","985.95","315.01","311.48","32.88","62.18","42.01","94.98","722","55.91","89.10","89","52.02"
"56.46","985.95","315.01","311.48","32.84","62.03","42.04","94.98","721","55.91","89.10","89","52.02"
"55.85","985.95","315.01","315.88","32.80","62.33","41.95","94.98","720","55.91","89.10","89","51.92"
"55.39","985.95","315.01","313.68","32.85","62.33","42.07","94.98","719","56.01","89.10","89","51.92"
"55.24","985.95","315.01","313.68","32.84","62.56","41.95","94.98","721","56.01","89.10","89","51.82"
"55.47","985.95","315.01","318.06","32.88","62.03","41.99","94.98","720","56.01","89.10","89","51.82"
"56.23","985.95","315.01","318.06","32.80","61.80","41.97","94.98","719","56.01","89.10","89","51.82"
"55.16","985.95","315.01","318.06","32.81","61.34","42.26","94.98","707","56.01","89.10","89","51.72"
"53.25","985.95","315.01","315.88","32.89","61.65","41.93","94.98","720","56.01","89.10","89","51.72"
"54.78","989.97","315.01","315.88","32.84","61.19","41.99","94.98","721","56.01","89.20","89","51.62"
"54.4","989.97","315.01","313.68","32.84","60.65","41.86","94.98","719","56.16","89.20","89","51.62"
"54.25","992.99","315.01","313.68","32.80","61.04","42.03","94.98","722","56.16","89.30","89","51.62"
"54.63","992.99","315.01","315.88","32.85","61.19","41.91","94.98","719","56.16","89.30","89","51.62"
"54.55","994.92","315.01","318.06","32.85","60.88","41.94","94.98","721","56.16","89.30","89","51.53"
"54.55","992.99","315.01","318.06","32.81","61.26","41.91","94.98","719","56.16","89.30","89","51.53"
"54.55","994.92","315.01","315.88","32.94","60.96","41.83","94.98","722","56.16","89.30","89","51.43"
"54.4","992.99","315.01","313.68","32.85","61.49","42.03","94.98","719","56.16","89.30","89","51.43"
"54.78","992.99","315.01","315.88","32.80","61.04","41.81","94.98","722","56.16","89.40","89","51.43"
"54.4","994.92","315.01","320.4","32.75","60.73","41.90","94.98","718","56.16","89.40","89","51.33"
"54.93","994.92","315.01","315.88","32.85","60.88","41.80","94.98","721","56.16","89.40","89","51.33"
"54.63","994.92","315.01","313.68","32.84","60.88","41.86","94.98","730","56.16","89.40","89","51.33"
"56.23","994.92","315.01","318.06","32.75","63.17","42.05","94.98","742","56.16","89.40","89","51.23"
"55.92","996.93","315.01","315.88","32.81","62.18","41.79","94.98","727","56.26","89.40","89","51.23"
"54.55","994.92","315.01","313.68","32.94","61.19","41.66","94.98","721","56.26","89.50","89","51.23"
"55.16","994.92","315.01","313.68","32.89","61.26","41.63","94.98","722","56.26","89.60","89","51.13"
"55.54","994.92","315.01","318.06","32.89","61.26","41.96","94.98","719","56.26","89.60","89","51.13"
"53.86","992.99","315.01","315.88","32.84","61.34","41.81","94.98","718","56.26","89.60","89","50.94"
"54.17","994.92","315.01","313.68","32.85","61.04","41.61","94.98","722","56.26","89.60","89","50.94"
"57.83","989.97","322.60","342.28","32.89","77.59","42.21","94.98","826","56.26","89.70","89","50.94"
"63.1","998.95","320.77","326.92","32.96","74.46","41.56","94.98","908","56.26","89.80","89","50.84"
"64.55","1011.95","315.10","311.48","32.84","69.43","41.85","94.98","738","56.36","89.80","89","50.84"
"55.54","1004.99","315.01","315.88","32.80","62.49","41.81","94.98","752","56.36","89.80","89","50.74"
"54.17","998.95","315.01","315.88","32.77","61.57","41.95","94.98","726","56.36","89.80","89","50.74"
"56.08","998.95","315.01","315.88","32.85","62.79","41.79","94.98","733","56.36","89.80","89","50.74"
"56.15","994.92","315.01","313.68","32.77","63.63","41.68","94.98","773","56.36","89.80","89","50.64"
"61.49","998.95","315.38","311.48","32.81","70.34","41.61","94.98","825","56.36","89.80","89","50.64"
"61.04","1002.97","315.01","315.88","32.81","68.28","41.83","94.98","784","56.36","89.90","89","50.64"
"68.89","998.95","330.70","318.06","33.15","78.43","40.77","94.98","995","56.36","89.90","89","50.55"
"77.59","1024.95","336.20","331.29","33.32","84.23","40.50","94.72","1059","56.55","89.90","90","50.55"
"85.53","1041.98","348.38","357.67","34.04","96.13","40.28","93.88","1211","56.65","90","90","50.45"
"100.1","1077.96","397.92","390.67","35.14","115.89","40.43","93.87","1416","56.65","90.10","90","50.35"
"125.58","1139.94","434.79","439.1","35.65","144.43","40.34","94.81","1624","56.85","90.10","90","50.25"
"149.46","1201.92","463.27","463.27","36.21","171.13","40.33","94.47","1792","56.94","90.10","90","50.15"
"168.08","1248.98","399.77","432.48","34.40","163.35","41.91","92.45","1296","57.04","90.10","90","50.15"
"106.28","1199.91","462.49","474.26","36.20","118.94","40.30","94.98","1252","57.04","90.20","90","50.15"
"114.37","1208.97","475.68","474.26","36.26","130.85","41.80","91.20","1385","57.04","90.30","90","50.06"
"107.19","1171.98","309.19","267.59","32.72","117.88","41.54","94.20","1295","56.94","90.40","90","50.06"
"93.23","1094.99","308.27","293.98","32.85","99.95","41.74","94.98","1093","56.85","90.40","90","49.96"
"74.46","1058.91","315.01","331.29","33.10","77.13","42.12","94.98","765","56.85","90.50","90","49.86"
"58.9","1024.95","315.01","324.71","33.10","65.23","42.19","94.98","717","56.75","90.60","90","49.86"
"57.53","1002.97","322.69","318.06","33.58","68.89","40.24","94.98","1014","56.65","90.70","90","49.86"
"112.76","1056.99","471.37","518.29","35.70","130.46","42.06","92.05","1387","56.75","90.80","90","49.96"
"78.97","1126.94","315.01","287.31","33.15","79.73","42.13","94.57","783","56.85","90.90","90","49.96"
"59.05","1041.98","315.01","315.88","33.05","65.69","42.68","94.98","723","56.75","90.90","90","49.96"
"54.63","1011.95","315.01","318.06","33.09","60.43","42.06","94.98","690","56.65","90.90","91","49.96"
"78.13","998.95","446.19","425.87","36.42","98.95","39.94","94.98","1400","56.65","91","91","49.96"
"101.85","1118.97","396.68","355.46","34.95","111.85","40.19","94.98","1278","56.85","91.10","91","49.96"
"90.56","1143.97","316.21","309.28","32.92","87.66","41.48","94.66","835","56.85","91.10","91","49.86"
"88.04","1066.97","512.08","465.38","37.80","122.07","39.08","94.98","1582","56.85","91.10","91","49.86"
"156.79","1272.97","587.87","621.65","38.52","171.97","40.26","94.98","1658","57.04","91.10","91","49.86"
"179.06","1374.96","545.90","560.1","37.89","203.10","39.86","84.28","1923","57.34","91.10","91","49.86"
"195.54","1449.94","567.69","557.9","37.74","231.25","41.66","90.29","1678","57.43","91.20","91","49.86"
"126.04","1381.92","555.88","540.17","38.32","149.69","39.04","94.98","1377","57.43","91.20","91","49.86"
"151.37","1391.99","641.99","654.58","39.67","174.03","39.25","94.98","1564","57.53","91.30","91","49.86"
"183.03","1475.94","731.38","729.37","41.60","214.47","38.47","94.98","1824","57.53","91.40","91","49.86"
"220.95","1603.93","765.85","755.79","42.13","268.94","38.26","91.24","2057","57.73","91.50","91","49.86"
"170.82","1652.92","504.78","483.09","36.77","188.07","39.98","94.98","1491","58.02","91.60","91","49.86"
"161.06","1492.97","612.77","617.18","39.07","179.67","39.60","94.98","1516","57.73","91.80","92","49.86"
"170.75","1502.95","702.28","724.99","40.82","196.54","38.90","94.98","1636","57.83","92","92","49.96"
"191.2","1571.98","767.87","762.37","42.21","220.49","38.43","94.98","1757","58.02","92.20","92","49.96"
"211.87","1652.92","659.56","694.16","39.78","246.43","39.29","94.98","1860","58.12","92.40","92","49.96"
"224.38","1658.96","617.00","623.76","38.92","258.49","40.12","80.35","1942","58.12","92.50","92","49.96"
"215.76","1637.99","562.69","542.46","37.87","243.76","39.46","73.25","2010","58.22","92.70","92","49.96"
"218.36","1597.98","514.78","531.48","37.07","252.23","40.35","85.43","2045","58.22","92.90","93","50.06"
"222.86","1498.92","499.39","500.68","36.98","251.85","39.94","77.41","2079","58.22","93","93","50.06"
"212.48","1430.99","435.89","421.49","35.04","238.73","41.50","90.37","1955","58.22","93.20","93","49.96"
"152.28","1304.92","390.67","375.28","34.68","167.70","40.17","94.98","1606","58.12","93.20","93","49.96"
"142.75","1302.9","477.88","445.68","37.24","158.77","39.39","94.98","1574","58.12","93.30","93","49.96"
"157.85","1368.92","575.28","637.08","37.57","174.18","39.98","94.98","1598","58.12","93.30","93","49.96"
"155.79","1404.99","492.37","480.88","36.72","173.34","40.12","94.98","1619","58.12","93.30","93","49.96"
"157.55","1372.94","474.99","467.68","36.51","177.54","40.56","94.64","1582","58.02","93.20","93","49.96"
"123.29","1319.93","463.50","465.38","36.23","135.27","40.16","94.98","1302","57.83","93.20","93","49.96"
"119.63","1299.98","532.58","538.08","37.62","134.89","40.38","94.98","1286","57.73","93.10","93","49.96"
"129.4","1331.93","613.10","641.49","39.35","143.13","40.24","94.98","1336","57.63","93.10","93","49.86"
"129.17","1355.91","529.78","516.09","37.71","146.87","39.65","94.98","1365","57.53","93.10","93","49.96"
"131.07","1357.93","517.97","518.29","37.51","147.63","39.62","94.98","1389","57.34","93","92","49.96"
"140.08","1383.93","594.89","623.76","38.95","156.94","39.83","94.98","1412","57.14","93","92","49.96"
"148.85","1423.94","663.78","667.77","40.39","170.75","39.16","94.98","1464","57.04","92.90","92","49.96"
"153.73","1445.91","592.36","579.77","38.73","173.95","39.60","94.98","1472","56.94","92.90","92","49.96"
"159.23","1462.94","647.88","663.37","39.59","182.73","40.26","94.98","1497","56.85","92.90","92","49.96"
"164.87","1494.99","701.37","685.38","40.86","192.87","39.01","94.98","1544","56.75","92.90","92","49.96"
"167.16","1515.95","604.18","582.07","38.86","194.55","39.89","94.98","1544","56.65","92.90","92","49.96"
"164.26","1494.99","521.09","502.88","37.29","185.63","39.70","94.98","1565","56.36","92.90","92","49.96"
"161.29","1464.96","615.39","571.08","39.78","188.14","38.85","94.98","1584","56.26","92.90","92","49.96"
"166.63","1485.92","546.09","546.77","37.87","187.99","39.88","94.98","1593","56.16","92.90","92","49.96"
"170.29","1483.91","557.16","568.79","38.44","191.58","39.57","94.98","1610","56.01","92.90","92","49.96"
"168.46","1485.92","518.29","513.91","37.55","190.97","39.99","94.98","1621","55.91","92.90","92","50.06"
"166.93","1462.94","512.40","522.69","37.16","187.00","40.09","94.98","1629","55.82","92.90","92","50.06"
"164.26","1440.97","546.87","520.4","38.24","187.46","38.57","94.98","1644","55.62","92.80","92","49.96"
"170.44","1470.91","529.69","531.48","37.77","192.19","39.52","94.98","1666","55.52","92.70","92","49.96"
"169.45","1466.97","515.95","511.66","37.26","191.20","39.54","94.98","1681","55.42","92.60","92","49.96"
"161.97","1453.97","426.37","445.68","35.21","161.36","40.83","91.20","1341","55.33","92.50","92","49.96"
"125.05","1336.96","489.01","469.76","36.97","144.43","39.70","94.98","1354","55.03","92.50","92","49.96"
"126.34","1336.96","471.28","485.29","36.41","140.54","40.09","94.82","1336","54.84","92.40","92","49.96"
"122.45","1314.99","454.49","441.3","36.20","137.79","39.86","94.98","1353","54.74","92.40","92","49.96"
"123.45","1302.9","461.90","458.87","36.43","137.64","39.88","94.98","1351","54.54","92.30","92","49.96"
"126.5","1314.99","495.36","498.48","36.97","140.99","39.89","94.98","1341","54.35","92.30","92","49.96"
"125.58","1323.96","469.67","469.76","36.38","141.15","40.15","94.98","1360","54.25","92.20","92","49.96"
"125.66","1314.99","485.38","469.76","36.76","143.05","39.58","94.98","1371","53.95","92.10","92","49.96"
"126.95","1327.99","479.90","483.09","36.67","143.89","40.00","94.98","1368","53.85","92.10","91","49.96"
"128.48","1327.99","481.76","476.37","36.72","145.19","39.67","94.98","1374","53.76","92","91","49.96"
"130.24","1331.93","479.21","480.88","36.84","145.34","39.61","94.98","1380","53.66","91.80","91","49.86"
"128.86","1331.93","477.47","472.06","36.67","146.56","39.93","94.98","1384","53.31","91.80","91","49.96"
"131.38","1331.93","478.48","478.8","36.71","146.56","39.92","94.98","1386","53.22","91.70","91","49.86"
"132.07","1336.96","486.48","500.68","36.83","148.39","39.98","94.98","1393","53.12","91.60","91","49.96"
"130.08","1340.99","470.27","480.88","36.58","146.18","40.31","94.86","1396","52.92","91.50","91","49.96"
"130.08","1329.91","468.41","461.07","36.50","146.18","40.24","94.98","1402","52.92","91.40","91","49.96"
"130.16","1325.98","460.29","465.38","36.05","145.34","40.37","94.14","1393","52.73","91.30","91","49.86"
"126.95","1308.95","434.65","432.48","35.70","144.20","42.35","89.05","1373","52.53","91.30","91","49.86"
"124.28","1263.99","386.95","384.09","34.65","138.55","40.52","91.73","1398","52.33","91.20","91","49.86"
"124.67","1265.92","444.61","458.87","35.80","139.70","40.72","93.45","1381","52.24","91","90","49.86"
"125.05","1280.93","446.88","445.68","36.16","140.15","40.21","94.98","1394","52.14","91","90","49.86"
"130.46","1306.93","507.67","496.27","37.39","145.04","39.88","94.98","1388","52.04","90.80","90","49.86"
"133.75","1344.93","543.20","546.77","37.87","151.29","39.89","94.98","1399","51.84","90.70","90","49.86"
"145.95","1374.96","640.66","647.98","39.97","161.29","39.46","94.98","1421","51.75","90.60","90","49.86"
"147.63","1421.93","621.37","619.47","39.29","165.87","39.56","94.98","1442","51.65","90.50","90","49.86"
"156.63","1464.96","665.20","683.18","40.17","176.47","39.36","94.98","1459","51.55","90.40","90","49.86"
"161.97","1496.91","681.66","672.29","40.85","184.94","38.66","94.98","1477","51.45","90.20","90","49.96"
"168.54","1537.92","713.18","711.89","41.17","193.48","39.07","94.98","1503","51.35","90.20","90","49.96"
"167.39","1548","671.96","647.98","40.57","196.38","37.49","94.98","1525","51.35","90.10","90","49.96"
"172.66","1582.97","676.37","661.26","40.73","201.65","37.51","94.98","1539","51.26","90.10","90","49.96"
"151.75","1329.91","662.86","676.6","39.61","160.75","39.84","23.00","1526","50.72","90.10","89","49.96"
"119.17","1090.96","534.60","516.09","37.56","132.52","39.48","23.00","1514","50.32","90.10","90","49.96"
"110.86","1028.98","539.00","529.18","37.44","126.04","39.66","23.00","1510","50.23","90.10","90","49.96"
"108.8","1007.92","516.18","522.69","37.34","124.36","39.55","23.00","1509","50.13","90","89","49.96"
"108.19","998.95","505.15","511.66","37.16","123.45","39.72","23.00","1518","49.93","90","89","49.96"
"108.49","989.97","530.28","516.09","37.91","122.68","39.51","23.00","1515","49.83","89.90","89","49.96"
"105.36","989.97","504.78","502.88","36.80","121.69","40.07","23.00","1514","49.83","89.90","89","49.96"
"106.13","985.95","492.08","489.69","36.86","120.85","39.89","23.00","1516","49.54","89.90","89","49.96"
"104.14","981.92","476.00","485.29","36.39","118.18","40.01","23.00","1504","49.34","89.80","89","49.86"
"105.67","977.98","448.66","450","35.85","118.18","40.26","23.00","1501","49.24","89.80","89","49.96"
"105.59","968.92","433.39","423.76","35.57","116.66","40.24","23.00","1499","49.05","89.70","89","49.86"
"103.46","964.98","497.19","467.68","37.51","117.19","39.04","23.00","1523","48.95","89.60","89","49.71"
"104.3","977.98","525.31","535.79","37.59","116.66","39.87","23.00","1487","48.75","89.50","89","49.86"
"102.85","977.98","486.16","483.09","36.72","117.04","40.14","23.00","1501","48.56","89.40","89","49.71"
"103.68","972.94","452.56","445.68","36.08","117.88","40.17","23.00","1493","48.41","89.40","89","49.71"
"104.3","968.92","426.28","414.88","36.54","116.35","38.80","23.00","1524","48.31","89.30","89","49.71"
"105.06","974.96","509.28","531.48","37.27","116.58","40.47","23.00","1471","48.02","89.20","89","49.71"
"101.47","972.94","467.50","476.37","36.47","115.05","40.24","23.00","1485","47.82","89.10","89","49.71"
"103.23","972.94","430.37","434.65","35.37","115.43","40.41","23.00","1479","47.72","89","88","49.71"
"100.25","966.99","385.69","381.88","34.48","112.08","40.56","23.00","1483","47.53","88.90","88","49.71"
"100.86","957.93","418.51","414.88","35.28","113.98","40.40","23.00","1473","47.33","88.80","88","49.71"
"99.79","960.95","413.37","410.48","35.26","112.08","40.42","23.00","1468","47.23","88.80","88","49.71"
"99.34","960.95","403.58","401.7","35.02","111.54","40.53","23.00","1460","47.14","88.70","88","49.71"
"99.64","955.92","479.81","489.69","36.65","111.54","40.97","23.00","1442","46.94","88.60","88","49.61"
"100.1","962.96","414.56","417.09","35.12","111.16","40.64","23.00","1443","46.94","88.50","88","49.61"
"99.79","962.96","404.50","403.9","34.90","110.17","40.69","23.00","1444","46.84","88.30","88","49.61"
"99.03","957.93","412.59","408.4","35.20","110.55","40.53","23.00","1435","46.65","88.30","88","49.61"
"97.96","960.95","406.88","408.4","35.12","109.79","40.37","23.00","1433","46.45","88.10","87","49.61"
"98.95","972.94","394.29","395.07","34.72","113.98","40.67","94.50","1423","46.35","88","87","49.61"
"117.04","1165.94","398.67","395.07","35.00","134.74","39.46","94.98","1443","46.45","87.90","87","49.61"
"130.46","1293.93","460.29","478.8","36.41","145.57","40.23","94.98","1419","46.25","87.70","87","49.61"
"137.56","1325.98","588.28","551.29","40.02","156.63","39.20","94.98","1447","46.06","87.60","87","49.61"
"144.73","1406.91","498.48","502.88","36.72","159.99","40.55","94.98","1427","45.96","87.50","87","49.61"
"140.46","1357.93","469.67","454.49","36.41","155.79","40.11","94.98","1450","45.61","87.40","87","49.61"
"137.18","1336.96","454.31","454.49","36.15","153.58","40.00","94.98","1448","45.42","87.30","87","49.61"
"135.96","1334.95","475.59","476.37","36.45","152.44","40.18","94.98","1439","45.42","87.20","87","49.61"
"139.24","1336.96","511.30","500.68","37.37","157.24","39.57","94.98","1439","45.22","87.10","86","49.61"
"139.7","1349.96","517.88","491.9","38.09","159.84","39.04","94.98","1459","45.22","87","86","49.61"
"147.55","1391.99","613.78","588.56","40.38","169.99","38.95","94.98","1488","45.22","86.90","86","49.61"
"161.59","1468.98","710.38","718.38","41.19","181.96","39.28","94.98","1505","45.22","86.90","86","49.61"
"171.74","1522.91","742.78","742.55","41.50","196.23","38.71","94.98","1531","45.22","86.80","86","49.71"
"179.45","1573.9","789.80","784.41","42.57","209.66","38.51","94.98","1554","45.22","86.70","86","49.61"
"187.84","1624.99","818.78","810.76","43.20","219.04","39.65","94.98","1562","45.32","86.60","86","49.71"
"185.09","1618.95","602.48","588.56","38.84","211.34","38.87","94.98","1583","45.22","86.60","86","49.71"
"175.33","1562.92","518.47","496.27","37.04","198.82","39.90","94.15","1568","45.12","86.50","86","49.71"
"166.63","1490.96","495.59","494.07","36.72","185.55","39.91","94.98","1564","45.03","86.40","86","49.71"
"158.85","1447.93","470.68","476.37","36.25","177.77","39.98","93.21","1555","45.03","86.40","86","49.61"
"155.79","1393.91","449.67","443.51","35.86","174.03","39.97","91.57","1556","45.12","86.40","86","49.61"
"152.28","1363.97","444.52","443.51","35.92","170.29","40.02","90.76","1556","45.03","86.40","86","49.61"
"152.67","1349.96","444.88","445.68","35.93","168.69","40.28","89.21","1550","45.03","86.40","86","49.52"
"150.07","1342.91","444.52","441.3","35.75","168.15","40.23","87.28","1551","45.03","86.30","86","49.52"
"150.22","1340.99","468","463.27","36.45","167.70","39.95","89.28","1557","45.03","86.30","86","49.52"
"154.65","1383.93","494.26","516.09","36.78","170.75","39.90","89.46","1545","45.03","86.20","86","49.52"
"155.57","1391.99","473.39","472.06","36.40","172.20","39.80","90.62","1562","45.03","86.10","85","49.52"
"162.97","1413.96","599.68","608.4","38.24","183.03","41.46","88.45","1547","45.12","86","85","49.52"
"159","1428.97","520.17","483.09","37.51","183.03","38.38","94.98","1588","45.12","85.90","85","49.52"
"170.6","1502.95","516.27","544.57","37.11","188.30","40.24","93.22","1566","45.22","85.80","85","49.52"
"164.49","1455.98","489.19","469.76","36.60","182.50","40.01","92.45","1584","45.22","85.70","85","49.52"
"160.75","1417.99","486.80","474.26","37.03","176.55","39.60","94.98","1604","45.22","85.60","85","49.52"
"156.33","1402.97","423.90","421.49","34.97","174.87","40.66","87.76","1565","45.22","85.60","85","49.52"
"145.88","1267.93","322.60","304.96","33.05","158.77","41.31","94.70","1537","45.03","85.50","85","49.52"
"130.24","1178.94","320.77","324.71","33.03","145.88","41.86","94.98","1494","45.03","85.40","85","49.42"
"121.84","1143.97","317.19","324.71","33.21","135.58","42.07","94.44","1440","45.03","85.40","85","49.32"
"115.28","1122.91","345.76","348.98","33.83","128.79","42.11","94.12","1412","45.03","85.30","85","49.32"
"112.38","1109.91","349.21","351.09","33.81","125.89","42.13","94.01","1394","45.03","85.30","85","49.22"
"109.18","1101.94","349.89","355.46","33.87","122.07","42.21","94.11","1374","45.03","85.10","85","49.12"
"107.5","1094.99","349.99","348.98","33.71","120.09","42.32","94.14","1360","44.93","85","84","49.12"
"105.74","1090.96","317.28","331.29","33.15","118.33","41.85","94.22","1348","44.93","84.90","84","49.12"
"113.53","1126.94","339.41","353.35","33.55","124.67","40.53","93.71","1361","44.93","84.80","84","49.12"
"116.43","1182.97","338.91","368.7","33.35","125.43","41.56","87.09","1326","44.93","84.60","84","49.22"
"109.03","1148.91","318.47","291.71","33.03","120.24","40.62","87.82","1324","44.83","84.50","84","49.22"
"105.74","1124.92","325.40","315.88","33.17","118.26","40.51","87.27","1324","44.73","84.30","84","49.22"
"103.46","1120.99","307.90","300.59","32.77","114.75","40.92","94.03","1288","44.73","84.20","84","49.22"
"99.64","1096.91","306.75","307.08","32.80","110.63","41.28","94.70","1287","44.63","84","83","49.22"
"99.26","1077.96","306.30","315.88","32.75","108.19","41.46","94.86","1268","44.63","83.90","83","49.12"
"94.53","1071.91","341.77","346.68","33.61","105.06","41.39","94.98","1247","44.54","83.80","83","49.12"
"96.13","1071.91","363.56","329.09","34.77","115.97","38.40","94.84","1369","44.54","83.70","83","49.12"
"103.76","1152.94","335.10","309.28","33.74","115.05","39.17","91.44","1348","44.54","83.50","83","49.12"
"115.89","1193.96","542.87","538.08","38.13","129.78","43.43","84.03","1261","44.44","83.40","83","49.12"
"112.76","1229.94","368.79","342.28","34.04","124.44","39.91","88.18","1305","44.44","83.30","83","49.12"
"112.54","1222.98","361.61","364.38","33.92","122.68","40.52","87.94","1304","44.34","83.10","82","49.22"
"120.24","1212.91","615.89","628.16","39.28","140.46","44.91","85.97","1299","44.24","83","82","49.22"
"115.59","1254.93","317.97","271.87","32.80","126.19","41.17","91.49","1277","44.14","82.90","82","49.22"
"124.13","1173.91","470.77","465.38","35.63","138.55","42.07","87.24","1353","44.05","82.70","82","49.22"
"116.96","1195.97","414.98","360.01","36.01","141.76","38.71","94.98","1448","43.95","82.60","82","49.22"
"111.92","1210.98","307.99","285.2","32.56","122.83","41.19","93.64","1313","43.85","82.60","82","49.22"
"106.28","1128.95","308.77","302.7","32.82","117.57","41.29","94.67","1309","43.75","82.40","82","49.22"
"98.88","1096.91","305.29","302.7","32.81","108.19","41.52","94.98","1231","43.75","82.30","82","49.12"
"93.54","1077.96","342.28","346.68","33.61","101.40","41.69","94.98","1141","43.65","82.20","82","49.12"
"88.35","1054.98","348.61","360.01","32.81","106.13","42.02","94.35","1321","43.65","82.10","82","49.12"
"99.26","1075.94","317.69","300.59","32.94","114.67","41.23","93.64","1384","43.65","82","81","49.03"
"111.39","1086.93","320.49","344.57","33.04","136.19","41.96","94.98","1596","43.56","81.90","81","49.03"
"117.57","1098.92","318.06","320.4","33.10","127.34","41.41","94.11","1495","43.56","81.80","81","49.03"
"143.28","1088.94","333.08","326.92","33.38","158.85","41.60","94.98","1648","43.46","81.60","81","49.03"
"120.09","1116.96","315.38","333.5","32.88","128.63","42.21","94.37","1355","43.46","81.40","81","49.03"
"96.89","1098.92","306.75","296.09","32.68","105.29","41.47","94.98","1158","43.46","81.20","80","48.93"
"87.28","1069.99","312.31","324.71","32.82","95.29","41.98","94.98","1045","43.56","81","80","48.93"
"80.26","1047.93","320.08","309.28","33.17","87.89","40.03","94.77","1065","43.65","81","80","48.93"
"88.88","1075.94","314.88","315.88","32.95","91.94","40.84","94.98","908","43.85","80.90","80","48.93"
"73.78","1049.94","315.98","329.09","32.97","82.55","41.14","94.98","976","43.85","80.90","80","49.03"
"87.97","1056.99","345.58","335.7","33.53","95.67","40.38","94.37","1129","43.95","80.90","80","49.12"
"96.36","1094.99","391.17","403.9","34.65","111.54","40.12","94.12","1305","44.14","81","81","49.12"
"112.84","1156.97","407.89","410.48","35.05","126.88","40.08","92.91","1380","44.34","81","81","49.12"
"112.38","1212.91","428.90","434.65","35.32","125.28","39.80","94.98","1327","44.34","81.10","81","49.12"
"122.83","1229.94","453.57","463.27","35.84","139.09","40.09","94.98","1440","44.44","81.20","81","49.12"
"133.44","1259.97","468.75","469.76","36.19","152.06","40.03","94.98","1528","44.54","81.20","81","49.12"
"146.64","1293.93","477.47","467.68","36.15","167.47","40.17","93.89","1624","44.63","81.30","81","49.12"
"156.94","1310.96","633.46","593.1","40.79","198.98","38.32","94.98","1812","44.63","81.40","81","49.12"
"140.84","1455.98","363.88","401.7","33.49","132.98","42.05","92.00","1220","44.93","81.50","81","49.12"
"107.65","1242.94","313.50","280.82","32.59","116.73","40.62","94.33","1167","44.83","81.70","81","49.12"
"95.37","1141.95","309.28","296.09","32.61","105.44","41.45","94.98","1145","44.83","81.80","82","49.12"
"87.74","1088.94","314.19","304.96","32.81","93.39","41.52","94.98","969","44.93","81.90","82","49.03"
"70.27","1054.98","315.01","329.09","32.92","75.15","41.99","94.98","730","44.93","82","82","49.03"
"61.19","1026.96","315.01","320.4","32.87","68.89","41.96","94.98","758","44.93","82.20","82","49.03"
"57.53","1015.97","315.01","318.06","32.80","65.23","41.88","94.98","722","45.03","82.30","82","49.03"
"58.44","1000.96","333.40","315.88","33.49","80.95","39.67","94.98","1131","44.93","82.40","82","49.12"
"125.73","1103.96","501.09","538.08","36.94","143.36","40.02","94.98","1549","45.22","82.50","82","49.12"
"132.07","1259.97","458.27","458.87","35.81","140.15","40.21","94.98","1374","45.52","82.70","82","49.12"
"139.7","1277","550.22","614.98","36.87","155.18","39.87","94.98","1449","45.61","82.70","82","49.12"
"154.27","1340.99","658.69","654.58","40.21","182.50","38.58","94.98","1637","45.96","82.70","82","49.12"
"193.33","1485.92","746.50","764.66","42.39","224.54","37.75","94.98","1862","46.16","82.80","82","49.12"
"233.84","1626.91","857.86","870.18","43.52","283.74","37.63","94.98","2128","46.45","82.80","82","49.12"
"278.93","1703.91","962.78","969.16","45.57","342.26","37.65","94.98","2393","46.84","82.80","82","49.22"
"329.37","1765.99","1142.19","1136.29","49.69","408.56","36.09","94.98","2666","47.23","82.90","83","49.22"
"332.49","1866.97","823.16","821.65","42.92","334.86","36.32","94.98","1876","47.92","83","83","49.32"
"265.58","1906.98","1070.68","1079.05","47.35","315.25","37.85","94.98","1969","48.31","83.20","83","49.42"
"270.85","1892.97","1071.18","1068.16","47.35","331.35","37.73","94.98","2084","48.75","83.40","83","49.42"
"290.53","1896.91","1076.19","1072.56","47.59","354.54","37.89","94.98","2210","49.15","83.70","84","49.42"
"307.55","1915.95","1124.07","1118.66","48.53","381.17","37.51","94.98","2311","49.73","83.90","84","49.52"
"301.67","1748.96","1049.67","1043.94","46.73","344.78","37.78","23.00","2416","50.13","84.20","84","49.52"
"252.15","1402.97","867.88","854.77","43.06","292.90","38.80","23.00","2484","50.23","84.40","84","49.52"
"228.96","1274.98","678.71","672.29","39.44","262.99","39.40","23.00","2511","50.52","84.60","85","49.52"
"227.05","1148.91","554.09","555.69","36.54","258.64","40.82","23.00","2488","50.72","84.80","85","49.52"
"155.95","1077.96","587.46","579.77","38.33","171.66","39.69","23.00","1879","50.81","85","85","49.42"
"143.05","1051.96","571.68","577.66","38.29","158.69","39.56","23.00","1862","50.81","85.20","85","49.42"
"139.24","1030.99","576.79","579.77","38.20","159.15","39.29","23.00","1873","50.91","85.30","85","49.32"
"139.93","1024.95","578.26","573.29","38.24","159.38","39.60","23.00","1893","50.91","85.50","85","49.32"
"139.54","1020.92","580.97","582.07","38.29","159.99","39.46","23.00","1918","50.91","85.50","85","49.32"
"141.3","1022.93","578.76","575.46","38.42","161.90","39.24","23.00","1977","50.91","85.60","85","49.32"
"128.94","1024.95","537.40","485.29","37.60","133.67","38.89","23.00","1572","50.81","85.70","85","49.32"
"112.69","1011.95","543.38","538.08","37.79","125.66","39.49","23.00","1525","50.81","85.80","85","49.32"
"108.03","1007.92","315.70","300.59","32.47","119.17","41.66","23.00","1485","50.72","85.80","85","49.32"
"103.15","968.92","317.46","307.08","32.81","114.60","41.73","23.00","1455","50.62","85.80","85","49.22"
"98.65","951.98","315.98","324.71","32.94","110.55","41.87","23.00","1425","50.42","85.90","85","49.12"
"108.95","942.91","523.29","560.1","37.53","117.95","39.32","23.00","1514","50.23","85.90","85","49.12"
"104.83","966.99","526.00","531.48","37.42","119.55","39.65","23.00","1506","50.13","85.90","85","49.12"
"107.35","977.98","530.56","535.79","37.50","121.77","39.37","23.00","1528","50.03","85.90","85","49.12"
"109.48","981.92","532.26","533.68","37.56","123.29","39.26","23.00","1529","49.83","85.90","85","49.22"
"109.64","985.95","534","533.68","37.53","123.75","39.31","23.00","1530","49.64","85.80","85","49.22"
"111.54","987.96","526.92","522.69","37.71","131.07","39.02","23.00","1684","49.54","85.80","85","49.22"
"135.96","964.98","589.66","590.9","38.58","162.66","39.00","23.00","2095","49.34","85.80","85","49.22"
"145.65","998.95","595.48","597.5","38.69","165.87","39.27","23.00","2061","49.15","85.80","85","49.22"
"147.25","1015.97","585.19","582.07","38.41","167.47","38.98","23.00","2087","49.05","85.70","85","49.32"
"134.58","1026.96","512.17","516.09","37.63","139.70","38.02","23.00","1670","48.95","85.70","85","49.32"
"119.1","1015.97","550.08","553.49","37.65","133.59","39.37","23.00","1614","48.85","85.60","85","49.32"
"118.03","1007.92","550.88","549.07","37.72","133.75","39.44","23.00","1612","48.75","85.60","85","49.32"
"118.56","1000.96","559.87","564.48","37.83","134.97","39.54","23.00","1629","48.66","85.60","85","49.32"
"119.55","998.95","556.98","553.49","37.89","135.58","39.39","23.00","1632","48.56","85.70","85","49.32"
"120.24","994.92","557.07","562.3","37.89","136.26","39.22","23.00","1652","48.31","85.70","85","49.32"
"119.33","994.92","557.99","560.1","37.83","137.56","39.32","23.00","1667","48.21","85.80","85","49.32"
"122.15","994.92","560.37","562.3","37.85","138.93","39.39","23.00","1681","48.02","85.90","85","49.32"
"120.93","994.92","563.88","566.68","38.03","140.84","39.34","23.00","1696","47.92","85.90","85","49.32"
"123.75","996.93","568.19","571.08","38.11","142.37","39.25","23.00","1707","47.82","85.90","85","49.32"
"126.19","1000.96","488.87","560.1","33.48","143.36","36.98","23.00","1630","47.63","85.90","86","49.32"
"118.03","970.93","325.81","307.08","32.87","128.56","41.54","23.00","1472","47.43","86","86","49.32"
"89.27","977.98","306.16","304.96","32.51","97.89","41.36","23.00","1280","47.33","86","86","49.22"
"85.15","960.95","305.79","304.96","32.67","95.06","41.11","23.00","1251","47.23","86.10","86","49.22"
"82.55","951.98","304.87","313.68","32.66","93.46","41.57","23.00","1249","47.14","86.10","86","49.12"
"82.63","947.95","305.38","304.96","32.63","93.08","41.70","23.00","1243","46.94","86","85","49.12"
"83.54","942.91","359.50","333.5","34.58","99.95","38.73","23.00","1390","46.84","86","86","49.03"
"90.03","953.99","419.47","423.76","35.15","100.56","40.09","23.00","1302","46.74","86","85","49.03"
"92.85","960.95","495.68","511.66","36.83","101.78","40.06","23.00","1355","46.55","85.90","85","49.12"
"111.77","942.91","568.70","566.68","38.11","133.29","39.58","23.00","1674","46.45","85.90","85","49.12"
"123.98","962.96","565.07","562.3","38.09","144.27","38.91","23.00","1991","46.16","85.70","85","49.12"
"147.17","962.96","601.06","590.9","38.72","173.95","38.94","23.00","2188","45.81","85.50","85","49.22"
"154.27","1004.99","598.58","597.5","38.55","176.24","39.09","23.00","2161","45.71","85.40","85","49.22"
"154.88","1024.95","597.27","593.1","38.53","179.29","38.92","23.00","2166","45.52","85.20","85","49.32"
"155.95","1022.93","597.41","599.59","37.76","192.19","41.83","23.00","1804","45.42","85","84","49.32"
"134.74","1032.91","567.60","560.1","37.91","148.78","39.12","23.00","1738","45.32","84.90","84","49.32"
"131.07","1020.92","570.17","562.3","38.08","148.93","39.07","23.00","1742","45.22","84.80","84","49.32"
"130.54","1015.97","571.18","575.46","38.04","149.08","39.11","23.00","1740","45.12","84.70","84","49.32"
"131.15","1011.95","572.00","571.08","38.03","148.93","39.22","23.00","1742","45.03","84.70","84","49.32"
"131","1011.95","572.28","573.29","37.93","149.16","39.18","23.00","1750","44.83","84.80","84","49.32"
"130.85","1011.95","573.19","571.08","38.08","150.22","39.28","23.00","1767","44.73","84.80","84","49.32"
"133.75","1007.92","560.51","575.46","37.51","150.15","39.33","23.00","1836","44.63","84.80","84","49.32"
"135.27","1011.95","577.39","579.77","37.99","154.88","38.90","23.00","1825","44.44","84.80","84","49.32"
"134.36","1017.99","517.97","544.57","36.72","139.93","40.13","23.00","1496","44.44","84.80","84","49.32"
"110.86","1007.92","486.57","480.88","36.27","123.06","39.60","23.00","1513","44.24","84.80","84","49.32"
"105.74","998.95","497.10","483.09","37.34","120.85","39.07","23.00","1479","44.24","84.80","85","49.32"
"107.88","1002.97","529.27","538.08","37.47","117.95","39.56","23.00","1458","44.14","84.90","85","49.32"
"106.05","1000.96","532.39","538.08","37.25","120.55","39.65","23.00","1465","44.05","85","85","49.32"
"108.49","1000.96","534.09","531.48","37.45","121.23","39.39","23.00","1477","43.85","85","85","49.32"
"106.89","1000.96","535.10","540.17","36.95","122.07","39.73","23.00","1471","43.85","85","85","49.42"
"108.34","998.95","504.55","500.68","36.77","123.60","39.78","23.00","1478","43.65","85","85","49.32"
"108.64","992.99","536.48","522.69","37.25","122.76","39.33","23.00","1485","43.56","85","85","49.32"
"108.26","998.95","534.28","538.08","37.32","123.06","39.22","23.00","1493","43.46","85","85","49.32"
"110.09","998.95","536.06","538.08","37.34","124.59","39.60","23.00","1510","43.36","85","85","49.42"
"108.8","998.95","535.70","538.08","37.44","124.89","39.33","23.00","1512","43.21","85","85","49.32"
"110.4","1000.96","343.47","461.07","21.21","121.84","40.49","23.00","1503","43.11","85","85","49.42"
"104.45","968.92","318.56","300.59","32.75","118.26","41.49","23.00","1469","42.92","85","85","49.32"
"101.62","955.92","317.37","324.71","32.75","114.82","41.80","23.00","1452","42.82","85","85","49.32"
"98.88","947.95","315.79","324.71","32.71","111.09","42.23","23.00","1419","42.82","85","85","49.22"
"95.98","942.91","314.10","315.88","32.77","108.03","42","23.00","1395","42.72","85","85","49.22"
"94.22","940.99","313.09","311.48","32.82","106.13","41.96","23.00","1379","42.62","84.90","84","49.12"
"92.16","938.98","311.80","311.48","32.70","103.76","41.89","23.00","1364","42.62","84.80","84","49.12"
"92.93","936.96","382.48","351.09","35.45","116.20","37.51","23.00","1517","42.43","84.70","84","49.12"
"104.45","951.98","524.48","518.29","37.51","126.73","39.14","23.00","1697","42.43","84.60","84","49.12"
"126.95","955.92","570.40","584.18","38.02","146.87","39.42","23.00","1835","42.23","84.50","84","49.12"
"133.13","983.93","581.38","577.66","38.14","152.06","39.31","23.00","1825","42.13","84.20","84","49.22"
"134.36","1002.97","578.76","577.66","38.16","153.58","39.07","23.00","1818","42.04","84.10","83","49.32"
"134.05","1013.96","521.87","540.17","36.88","141.83","40.18","23.00","1558","42.04","83.90","83","49.32"
"114.82","1011.95","543.79","546.77","37.30","129.09","39.41","23.00","1536","41.84","83.70","83","49.32"
"113.83","1007.92","543.20","542.46","37.35","128.18","39.24","23.00","1520","41.84","83.50","83","49.32"
"113.83","1007.92","541.96","544.57","37.47","127.18","39.31","23.00","1509","41.84","83.50","83","49.42"
"112.38","1007.92","543.38","546.77","37.45","126.04","39.37","23.00","1512","41.74","83.50","83","49.42"
"112.38","1002.97","534.78","535.79","37.34","126.27","39.41","23.00","1516","41.64","83.50","83","49.42"
"111.77","1002.97","543.06","546.77","37.45","126.65","39.36","23.00","1517","41.64","83.60","83","49.42"
"112.69","998.95","499.16","489.69","36.37","125.05","39.85","23.00","1520","41.64","83.60","83","49.42"
"112.76","989.97","542.28","533.68","37.37","125.58","39.37","23.00","1519","41.55","83.70","83","49.42"
"110.48","994.92","495.77","483.09","36.39","125.89","39.73","23.00","1541","41.45","83.70","83","49.42"
"110.17","985.95","461.67","452.29","35.68","123.45","39.99","23.00","1542","41.45","83.70","83","49.42"
"112.08","983.93","525.31","544.57","36.82","124.06","39.87","23.00","1529","41.35","83.70","83","49.42"
"109.79","985.95","491.39","485.29","36.49","122.38","39.50","23.00","1555","41.25","83.70","83","49.42"
"113.98","989.97","545.26","555.69","37.38","125.28","39.59","23.00","1544","41.25","83.60","83","49.42"
"113.45","989.97","496.27","487.49","36.44","126.73","39.42","23.00","1573","41.25","83.60","83","49.42"
"114.44","989.97","542.97","527.1","37.58","129.55","39.09","23.00","1564","41.15","83.60","83","49.42"
"115.97","996.93","549.57","549.07","37.52","130.46","39.25","23.00","1575","41.05","83.50","83","49.52"
"117.65","998.95","542.69","540.17","37.20","131.76","39.47","23.00","1587","41.05","83.50","83","49.52"
"116.66","998.95","527.10","527.1","37.07","132.37","39.47","23.00","1594","40.96","83.40","83","49.52"
"118.56","998.95","551.47","546.77","37.64","133.97","39.18","23.00","1599","40.96","83.40","83","49.42"
"119.48","998.95","502.28","511.66","36.49","131.00","39.70","23.00","1611","40.96","83.40","83","49.52"
"115.36","989.97","459.79","456.69","35.66","130.54","40.07","23.00","1608","40.86","83.40","83","49.42"
"113.83","981.92","543.38","500.68","37.57","131.23","39.08","23.00","1614","40.71","83.40","83","49.52"
"115.74","989.97","446.37","432.48","35.36","127.79","39.80","23.00","1604","40.71","83.40","83","49.52"
"115.66","977.98","443.60","441.3","35.40","128.33","39.93","23.00","1613","40.61","83.40","83","49.52"
"115.89","977.98","502.79","522.69","36.56","124.89","39.96","23.00","1601","40.61","83.30","83","49.42"
"115.59","979.99","457.17","454.49","35.52","127.03","39.96","23.00","1605","40.51","83.30","83","49.52"
"115.59","974.96","448.99","443.51","35.88","126.95","39.38","23.00","1623","40.51","83.20","83","49.52"
"115.59","981.92","502.79","529.18","36.53","125.58","39.80","23.00","1606","40.42","83.10","82","49.52"
"113.37","981.92","411.17","392.87","34.69","125.28","39.93","23.00","1603","40.42","83","82","49.52"
"116.27","977.98","521.87","560.1","36.86","128.86","40.11","23.00","1599","40.32","82.90","82","49.42"
"114.6","977.98","450.00","436.85","35.48","128.18","39.91","23.00","1610","40.32","82.80","82","49.52"
"118.56","1007.92","548.47","524.8","38.37","141.30","38.76","94.98","1616","40.32","82.70","82","49.52"
"153.28","1344.93","449.49","439.1","35.60","175.55","39.86","90.35","1605","40.51","82.60","82","49.52"
"161.67","1391.99","441.58","436.85","35.26","181.58","39.81","89.81","1613","40.51","82.60","82","49.52"
"160.75","1374.96","426.47","423.76","34.91","178.07","40.06","89.13","1606","40.32","82.50","82","49.52"
"155.64","1344.93","416.49","419.38","34.67","172.96","40.04","88.18","1603","40.22","82.40","82","49.52"
"155.03","1325.98","419.20","421.49","34.88","171.97","40.10","86.25","1600","40.12","82.20","82","49.42"
"158.08","1349.96","544.80","533.68","37.68","178.68","38.67","94.98","1601","40.12","82.20","82","49.42"
"173.34","1473.93","507.76","529.18","36.53","191.58","40.16","88.69","1599","40.32","82.10","82","49.52"
"182.04","1464.96","612.68","608.4","37.51","197.83","40.89","85.38","1598","40.32","81.90","81","49.52"
"171.28","1470.91","477.88","463.27","36.03","190.74","39.61","89.60","1629","40.32","81.90","81","49.52"
"168.84","1423.94","516.68","478.8","37.52","186.77","37.51","94.98","1662","40.32","81.80","81","49.52"
"170.82","1509.91","449.08","491.9","34.40","196.54","40.50","87.70","1638","40.51","81.70","81","49.52"
"167.09","1396.93","417.18","390.67","34.77","185.09","39.77","91.40","1648","40.42","81.60","81","49.52"
"161.29","1353.99","632.86","614.98","40.69","195.09","37.91","94.98","1672","40.51","81.60","81","49.52"
"169.3","1440.97","449.08","401.7","35.72","193.26","38.95","94.98","1681","40.71","81.50","81","49.52"
"165.79","1402.97","420.71","414.88","34.76","187.00","40.09","89.79","1653","40.71","81.40","81","49.52"
"159.84","1340.99","421.49","395.07","35.58","178.38","39.40","90.13","1664","40.71","81.30","81","49.52"
"157.24","1349.96","394.20","390.67","34.16","175.48","40.03","86.46","1629","40.86","81.30","81","49.52"
"156.94","1317.92","601.97","579.77","39.93","187.69","38.53","94.98","1667","40.86","81.20","81","49.42"
"162.66","1359.94","342.87","304.96","32.67","176.78","41.15","92.64","1578","40.96","81.20","81","49.52"
"145.19","1222.98","324.48","304.96","32.75","159.15","40.86","94.98","1573","40.96","81.10","81","49.42"
"134.58","1158.98","323.89","337.99","32.86","151.83","41.28","94.98","1571","40.86","81","80","49.42"
"161.67","1233.96","658.69","714","40.83","177.16","38.60","94.98","1655","40.96","80.90","80","49.32"
"178.45","1462.94","762.96","753.58","41.71","209.58","38.24","94.98","1660","41.25","80.90","80","49.32"
"180.36","1560.9","489.69","465.38","36.02","205.84","39.85","89.40","1650","41.45","80.80","80","49.42"
"190.97","1496.91","763.05","768.97","40.06","215.38","55.94","66.13","1598","41.45","80.70","80","49.42"
"178.99","1490.96","431.60","390.67","34.91","198.29","40.43","90.13","1653","41.55","80.60","80","49.52"
"166.48","1366.99","414.70","384.09","35.55","181.43","37.96","94.98","1704","41.45","80.60","80","49.42"
"163.04","1438.95","478.48","496.27","35.84","188.37","40.87","89.00","1640","41.64","80.50","80","49.42"
"159.69","1344.93","324.07","293.98","32.49","171.59","41.01","94.48","1585","41.64","80.50","80","49.42"
"143.66","1203.94","324.30","309.28","32.75","156.10","41.23","94.98","1563","41.64","80.40","80","49.42"
"135.58","1158.98","322.69","337.99","32.96","148.78","41.49","94.98","1543","41.64","80.40","80","49.32"
"129.09","1139.94","346.41","351.09","33.29","143.28","41.74","94.92","1517","41.64","80.30","80","49.32"
"126.04","1126.94","349.30","355.46","32.69","139.70","41.95","94.58","1519","41.74","80.20","80","49.32"
"153.35","1203.94","649.86","687.58","39.50","168.54","51.66","84.99","1557","41.94","80.20","80","49.22"
"151.98","1306.93","433.87","401.7","35.23","167.47","39.84","92.85","1585","42.04","80.20","79","49.32"
"151.67","1323.96","502.38","480.88","37.04","167.39","37.59","94.98","1620","42.04","80","79","49.32"
"175.17","1460.93","753.58","771.27","41.74","199.13","38.72","94.98","1614","42.23","79.90","79","49.32"
"177.23","1511.92","479.99","465.38","35.78","187.76","39.49","92.75","1625","42.23","79.80","79","49.32"
"176.17","1443.99","708.08","709.6","40.79","202.03","38.04","94.98","1635","42.23","79.70","79","49.42"
"175.17","1530.97","479.99","463.27","35.50","198.06","40.06","90.60","1627","42.43","79.60","79","49.42"
"185.63","1453.97","722.37","733.77","41.92","207.60","37.32","94.98","1652","42.43","79.60","79","49.42"
"180.59","1541.95","476.09","474.26","35.23","202.03","40.90","87.46","1620","42.53","79.50","79","49.42"
"156.18","1353.99","322.69","300.59","32.42","169.83","40.66","94.61","1564","42.43","79.50","79","49.42"
"138.48","1193.96","322.79","320.4","32.77","151.98","40.39","94.98","1567","42.23","79.50","79","49.42"
"157.63","1291.92","502.51","551.29","36.63","169.83","39.97","94.98","1625","42.43","79.50","79","49.32"
"169.99","1391.99","444.70","553.49","34.50","179.29","41.13","89.57","1587","42.62","79.50","79","49.32"
"158.77","1314.99","420.39","364.38","35.70","171.89","37.61","94.98","1682","42.62","79.50","79","49.42"
"176.17","1434.93","702.97","771.27","37.40","196.46","40.61","85.81","1586","42.82","79.50","79","49.32"
"181.58","1445.91","712.99","685.38","40.91","205.23","37.75","94.98","1644","42.82","79.40","79","49.42"
"169.83","1458.91","364.16","318.06","32.87","188.83","41.01","91.39","1579","42.92","79.40","79","49.42"
"148.85","1252.92","342.78","315.88","33.60","161.90","39.08","94.98","1664","42.62","79.40","79","49.42"
"171.05","1370.93","725.68","766.77","41.22","194.25","38.21","94.98","1665","42.92","79.40","79","49.42"
"180.9","1502.95","485.79","480.88","35.93","191.35","39.22","94.60","1676","43.11","79.30","79","49.42"
"189.36","1507.99","677.38","766.77","37.85","212.63","41.06","86.47","1619","43.21","79.30","79","49.42"
"176.78","1483.91","444.10","397.27","35.28","196.76","39.69","92.20","1669","43.21","79.30","79","49.52"
"165.33","1398.95","419.38","417.09","34.56","183.26","40.72","88.95","1625","43.21","79.30","79","49.42"
"153.35","1297.96","333.40","324.71","32.60","167.77","40.88","94.55","1581","43.21","79.30","79","49.42"
"141.07","1195.97","324.39","318.06","32.64","155.79","41.51","94.98","1576","43.11","79.30","79","49.42"
"135.04","1148.91","323.89","335.7","32.71","149.84","41.88","94.98","1560","43.02","79.20","79","49.32"
"132.45","1130.97","357.90","348.98","34.28","144.58","38.68","94.98","1670","43.11","79.20","79","49.32"
"160.83","1325.98","691.07","722.79","40.69","184.86","39.76","94.98","1617","43.46","79.10","79","49.32"
"162.66","1447.93","490.38","450","36.32","185.24","39.02","93.08","1644","43.65","79.10","79","49.32"
"184.79","1511.92","737.17","751.38","41.53","223.24","37.51","94.98","1862","43.65","79.10","79","49.42"
"234.84","1567.95","846.19","854.77","42.62","273.75","38.79","94.98","2045","43.85","79","78","49.42"
"247.96","1675.99","899.58","905.38","43.99","298.08","37.94","94.98","2067","44.14","79","78","49.42"
"264.97","1746.94","625.96","817.27","22.98","309.99","36.60","78.06","2053","44.44","78.90","78","49.52"
"198.98","1455.98","334.78","331.29","32.48","198.37","41.30","94.54","1576","44.24","78.90","78","49.52"
"155.57","1280.93","326.27","333.5","32.51","169.68","41.68","94.98","1596","44.24","78.90","78","49.42"
"143.28","1203.94","324.58","331.29","32.66","158.08","41.43","94.98","1603","44.24","79","79","49.32"
"137.33","1186.91","329.78","315.88","32.82","152.13","41.05","94.98","1569","44.24","79","79","49.32"
"137.56","1173.91","337.40","348.98","33.13","151.67","40.85","94.75","1552","44.34","79","79","49.32"
"145.65","1190.93","467.50","472.06","36.15","159.69","39.51","94.98","1615","44.34","79.10","79","49.32"
"147.17","1302.9","464.79","483.09","35.35","165.03","40.44","91.22","1560","44.54","79.10","79","49.32"
"145.95","1278.92","396.91","384.09","34.39","162.36","39.92","92.69","1592","44.44","79","79","49.32"
"142.98","1254.93","502.88","447.88","37.78","161.75","38.94","94.98","1614","44.44","79","78","49.32"
"152.36","1317.92","431.10","434.65","34.79","166.40","40.49","91.20","1571","44.44","78.90","78","49.42"
"145.95","1284.96","401.47","392.87","34.26","161.14","40.08","90.52","1568","44.44","78.80","78","49.42"
"141.68","1263.99","395.99","397.27","34.08","157.09","40.15","89.06","1546","44.34","78.80","78","49.42"
"143.36","1259.97","600.55","542.46","39.73","172.96","38.83","94.98","1559","44.34","78.70","78","49.42"
"206.07","1402.97","760.19","797.57","41.74","236.97","37.99","94.98","1987","44.44","78.60","78","49.42"
"225.53","1575.92","833.18","832.77","42.86","268.86","37.92","94.98","1989","44.63","78.60","78","49.42"
"238.65","1663.99","877.56","878.96","43.43","288.85","37.97","94.98","2010","44.83","78.40","78","49.42"
"250.25","1716.91","906.25","898.8","44.02","302.74","37.89","94.98","2044","45.03","78.40","78","49.52"
"244.37","1669.94","343.70","355.46","32.22","263.07","42.36","92.73","1972","45.03","78.30","78","49.52"
"192.19","1419.91","339.18","318.06","32.67","199.28","41.01","94.98","1495","44.93","78.20","78","49.52"
"130.46","1278.92","313.27","326.92","32.27","140.54","41.93","94.64","1378","44.83","78.30","78","49.42"
"111.09","1178.94","308.50","293.98","32.20","121.39","41.25","94.94","1297","44.83","78.30","78","49.32"
"103.99","1124.92","341.27","337.99","33.10","114.60","41.20","94.92","1284","44.83","78.40","78","49.32"
"103.38","1105.97","381.88","344.57","34.19","121.16","39.96","94.14","1361","44.83","78.50","78","49.32"
"112.46","1156.97","457.95","414.88","36.77","128.94","37.16","94.98","1415","44.93","78.50","78","49.32"
"128.25","1278.92","627.57","647.98","39.04","143.36","39.19","94.98","1352","45.03","78.60","78","49.32"
"155.34","1338.98","669.99","654.58","39.84","194.78","38.09","94.98","1887","45.03","78.50","78","49.32"
"232.55","1451.95","817.68","826.19","42.62","279.85","37.60","94.98","2182","45.22","78.50","78","49.32"
"252.54","1620.96","886.07","903.18","43.87","306.25","37.65","94.98","2161","45.42","78.50","78","49.42"
"270.85","1723.96","950.56","958.08","44.61","328.53","37.60","94.98","2201","45.61","78.40","78","49.42"
"286.49","1785.94","1010.66","999.86","45.06","346.99","38.59","23.00","2240","46.06","78.30","78","49.52"
"237.35","1410.94","851.88","867.97","42.30","272.14","38.33","23.00","2277","45.96","78.20","78","49.52"
"212.79","1254.93","677.20","672.29","39.02","238.57","39.06","23.00","2292","46.06","78.30","78","49.52"
"205.77","1148.91","530.28","529.18","36.50","201.19","40.57","23.00","1772","46.06","78.40","78","49.52"
"140.84","1086.93","552.39","529.18","37.31","154.34","40.05","23.00","1703","46.16","78.50","78","49.52"
"125.66","1030.99","565.39","560.1","37.54","151.14","39.04","23.00","1802","46.16","78.60","78","49.52"
"131.84","1022.93","332.16","414.88","21.51","148.39","40.82","23.00","1726","46.25","78.80","79","49.52"
"100.63","1002.97","313.91","304.96","32.25","107.50","41.51","23.00","1324","46.25","78.90","79","49.42"
"94.15","970.93","310.70","293.98","32.23","104.52","41.01","23.00","1330","46.25","79","79","49.32"
"88.96","955.92","308.36","300.59","32.26","99.79","41.09","23.00","1315","46.25","79.20","79","49.32"
"89.57","947.95","308.77","298.29","32.43","99.56","40.88","23.00","1311","46.25","79.30","79","49.22"
"86.75","947.95","307.99","307.08","32.35","98.19","41.25","23.00","1305","46.25","79.40","79","49.22"
"87.89","942.91","308.27","313.68","32.48","98.50","41.13","23.00","1300","46.16","79.50","79","49.22"
"86.82","938.98","307.99","311.48","32.39","97.66","41.08","23.00","1297","46.06","79.50","79","49.22"
"87.05","938.98","307.67","313.68","32.24","96.97","41.39","23.00","1294","45.96","79.40","79","49.12"
"86.82","938.98","307.40","309.28","32.29","96.59","41.17","23.00","1291","45.81","79.40","79","49.12"
"86.67","938.98","307.49","309.28","32.32","96.59","41.17","23.00","1292","45.81","79.40","79","49.12"
"87.13","938.98","307.40","311.48","32.37","96.44","41.15","23.00","1290","45.61","79.30","79","49.12"
"86.67","938.98","306.98","307.08","32.26","95.98","41.12","23.00","1283","45.52","79.20","79","49.12"
"86.82","938.98","307.17","304.96","32.25","95.98","41.25","23.00","1284","45.42","79.10","78","49.12"
"86.14","938.98","307.08","309.28","32.19","96.13","41.69","23.00","1285","45.32","79","78","49.12"
"85.07","938.98","305.19","304.96","32.26","92.85","41.16","23.00","1228","45.12","78.90","78","49.12"
"80.49","947.95","302.88","313.68","32.25","88.88","41.45","23.00","1145","44.93","78.70","78","49.12"
"86.67","934.95","306.75","300.59","32.24","94.99","41.32","23.00","1231","44.73","78.70","78","49.12"
"81.79","947.95","303.71","304.96","32.17","87.97","41.46","23.00","1144","44.73","78.50","78","49.12"
"86.67","934.95","309.97","300.59","32.31","94.38","40.39","23.00","1348","44.44","78.40","78","49.12"
"95.45","932.94","318.29","333.5","32.52","106.58","41.19","23.00","1463","44.44","78.30","78","49.12"
"115.59","913.98","329.60","340.17","32.69","128.79","41.56","23.00","1597","44.24","78.20","77","49.12"
"97.58","940.99","310.38","324.71","32.21","100.86","41.93","23.00","1235","44.24","78","77","49.12"
"75.46","968.92","299.99","298.29","32.09","74.69","41.62","23.00","721","44.24","77.90","77","49.12"
"55.24","972.94","305.29","309.28","32.33","58.90","41.71","23.00","709","44.14","77.80","77","49.12"
"53.94","964.98","337.67","320.4","33.31","59.97","39.63","23.00","1018","44.05","77.70","77","49.22"
"100.18","925.98","521.87","533.68","36.84","117.65","39.28","23.00","1597","44.05","77.60","77","49.32"
"115.13","949.96","526.09","542.46","36.89","128.79","39.12","23.00","1643","44.24","77.70","77","49.32"
"119.55","968.92","554.68","553.49","37.17","134.89","39.18","23.00","1679","44.24","77.70","77","49.32"
"120.93","987.96","550.08","557.9","37.12","130.54","39.47","23.00","1567","44.24","77.70","77","49.42"
"118.79","992.99","554.59","555.69","37.16","134.13","38.95","23.00","1645","44.34","77.80","77","49.42"
"124.97","989.97","561.48","560.1","37.24","141.98","39.07","23.00","1745","44.44","77.90","78","49.42"
"132.14","989.97","566.77","560.1","37.26","151.37","39.13","23.00","1890","44.54","78.10","78","49.52"
"136.34","983.93","334.60","291.71","32.24","142.37","40.55","23.00","1237","44.54","78.20","78","49.42"
"77.29","1007.92","301.41","280.82","31.96","91.86","41.15","23.00","1081","44.63","78.40","78","49.42"
"74.54","981.92","299.99","296.09","32.00","80.95","41.49","23.00","952","44.63","78.60","78","49.32"
"78.89","960.95","301.41","300.59","32.05","85.37","41.28","23.00","975","44.63","78.80","79","49.32"
"56.69","972.94","299.99","320.4","32.16","65.54","41.79","23.00","751","44.73","79","79","49.32"
"55.08","966.99","301.09","302.7","32.29","59.13","41.33","23.00","686","44.63","79.20","79","49.32"
"53.25","962.96","312.17","311.48","32.40","61.04","41.48","23.00","725","44.63","79.30","79","49.32"
"52.64","960.95","327.19","318.06","32.98","58.75","40.51","23.00","814","44.63","79.50","79","49.32"
"98.34","919.93","508.59","538.08","36.65","116.96","39.42","23.00","1577","44.73","79.60","79","49.42"
"69.28","989.97","299.99","296.09","31.91","68.89","41.72","23.00","734","44.93","79.70","79","49.32"
"54.93","977.98","311.57","309.28","32.29","61.80","41.66","23.00","722","44.93","79.80","79","49.42"
"54.63","968.92","310.98","315.88","32.24","61.80","41.62","23.00","723","44.93","79.80","79","49.42"
"53.48","964.98","310.56","315.88","32.49","61.19","41.09","23.00","725","45.03","79.90","79","49.42"
"66.76","947.95","352.48","346.68","32.91","82.55","40.92","23.00","1069","44.93","79.90","80","49.42"
"75.23","949.96","444.52","410.48","36.27","94.76","38.21","23.00","1443","45.03","80","80","49.42"
"111.39","940.99","535.10","560.1","37.02","126.65","39.50","23.00","1635","45.12","80.10","80","49.42"
"113.76","968.92","442.18","458.87","33.28","120.85","46.05","23.00","1302","45.22","80.20","80","49.42"
"77.67","989.97","299.99","263.09","31.79","82.17","41.74","23.00","879","45.42","80.40","80","49.32"
"60.88","981.92","299.99","315.88","32.02","68.74","42.19","23.00","729","45.42","80.50","80","49.32"
"56.69","972.94","299.99","302.7","32.04","62.18","41.94","23.00","722","45.42","80.50","80","49.32"
"55.16","964.98","299.99","298.29","32.02","62.56","41.79","23.00","722","45.42","80.60","80","49.32"
"73.93","938.98","441.49","381.88","36.37","100.25","39.20","23.00","1477","45.42","80.80","80","49.32"
"109.03","938.98","532.49","551.29","37.09","124.59","39.54","23.00","1612","45.52","80.90","81","49.42"
"106.89","977.98","534.09","516.09","36.99","119.55","39.46","23.00","1503","45.61","81","81","49.42"
"113.45","977.98","549.89","549.07","37.13","128.63","39.34","23.00","1600","45.81","81.10","81","49.32"
"120.16","981.92","561.29","553.49","37.31","139.93","39.10","23.00","1727","45.81","81.20","81","49.42"
"129.55","983.93","568.47","568.79","37.44","149.39","38.97","23.00","1896","45.96","81.30","81","49.42"
"143.28","996.93","584.00","579.77","37.66","162.28","38.77","23.00","2065","46.06","81.40","81","49.42"
"150.15","1007.92","588.79","586.45","37.62","177.84","38.89","23.00","2243","46.25","81.60","81","49.52"
"144.04","1037.95","524.21","509.37","36.72","141.30","39.15","23.00","1580","46.35","81.80","82","49.52"
"108.34","1007.92","319.07","304.96","32.13","122.00","41.56","23.00","1458","46.45","82","82","49.42"
"101.78","972.94","315.98","324.71","32.35","113.76","42.11","23.00","1396","46.45","82.20","82","49.42"
"96.28","955.92","312.81","318.06","32.15","106.89","42.21","23.00","1373","46.45","82.30","82","49.32"
"95.06","953.99","344.16","360.01","32.99","104.83","40.89","23.00","1375","46.55","82.60","82","49.32"
"94.45","951.98","330.38","329.09","32.56","105.29","41.08","23.00","1373","46.65","82.70","82","49.32"
"92.85","951.98","321.59","315.88","32.37","103.53","40.95","23.00","1359","46.74","82.80","82","49.32"
"92.24","947.95","371.18","346.68","34.15","105.67","39.14","23.00","1416","46.65","82.90","83","49.32"
"98.88","960.95","522.60","553.49","36.83","112.23","39.61","23.00","1447","46.74","83","83","49.32"
"104.68","972.94","378.86","399.45","32.82","116.27","41.53","23.00","1489","46.74","83.10","83","49.32"
"102.85","957.93","318.29","282.86","32.15","115.97","41.61","23.00","1471","46.84","83.10","83","49.32"
"101.55","947.95","316.68","320.4","32.25","112.15","41.87","23.00","1435","46.84","83.10","83","49.32"
"97.89","942.91","314.60","322.46","32.27","107.73","42.01","23.00","1398","46.84","83.20","83","49.32"
"94.15","942.91","312.17","313.68","32.17","104.45","42.10","23.00","1355","46.84","83.30","83","49.22"
"89.95","942.91","309.78","309.28","32.13","100.56","41.63","23.00","1317","46.84","83.30","83","49.22"
"88.43","942.91","310.47","296.09","32.11","98.19","40.83","23.00","1297","46.84","83.40","83","49.22"
"85.07","942.91","344.30","333.5","33.39","98.34","39.35","23.00","1296","46.94","83.40","83","49.22"
"91.78","947.95","505.29","489.69","36.51","106.43","39.01","23.00","1366","46.94","83.40","83","49.32"
"98.5","966.99","467.91","491.9","35.41","108.87","40.23","23.00","1402","46.94","83.40","83","49.32"
"98.04","964.98","339.41","322.46","32.41","109.56","41.52","23.00","1395","46.94","83.40","83","49.32"
"96.59","955.92","322.28","311.48","32.40","107.35","40.93","23.00","1390","46.94","83.40","83","49.32"
"95.14","955.92","382.21","384.09","34.38","107.27","38.82","23.00","1452","46.94","83.50","83","49.32"
"98.34","960.95","342.78","322.46","32.75","110.25","40.87","23.00","1432","46.94","83.50","83","49.32"
"99.87","949.96","401.47","401.7","34.25","112.08","40.46","23.00","1438","46.94","83.60","83","49.32"
"100.79","955.92","390.39","392.87","33.91","110.86","40.18","23.00","1467","46.94","83.70","83","49.42"
"101.78","953.99","381.56","381.88","33.69","112.84","40.34","23.00","1482","46.94","83.70","83","49.42"
"103.53","953.99","375.97","368.7","33.60","114.60","40.39","23.00","1502","46.94","83.70","83","49.42"
"108.57","951.98","441.49","480.88","34.39","118.87","41.44","23.00","1522","46.94","83.70","83","49.42"
"108.19","953.99","368.10","335.7","33.76","119.86","39.15","23.00","1564","46.84","83.70","83","49.42"
"113.68","964.98","545.76","571.08","37.07","125.66","39.04","23.00","1613","46.84","83.70","83","49.42"
"119.33","977.98","553.17","553.49","37.00","133.36","39.50","23.00","1685","46.84","83.70","83","49.42"
"125.35","983.93","564.38","564.48","37.26","141.76","39.07","23.00","1762","46.84","83.70","83","49.52"
"130.69","994.92","536.29","562.3","34.91","147.17","50.55","23.00","1757","46.84","83.80","83","49.52"
"129.63","968.92","334.50","302.7","32.35","142.67","41.15","23.00","1595","46.74","83.80","83","49.42"
"92.09","983.93","309.00","311.48","31.88","98.95","41.61","23.00","1240","46.74","83.90","84","49.52"
"86.98","964.98","304.87","307.08","32.07","94.53","41.64","23.00","1201","46.74","84","84","49.42"
"81.03","962.96","302.38","311.48","32.07","88.27","41.94","23.00","1109","46.74","84","84","49.32"
"79.27","955.92","302.19","304.96","31.95","87.43","41.93","23.00","1116","46.74","84.10","84","49.32"
"89.57","942.91","491.21","496.27","36.23","97.89","39.96","23.00","1200","46.74","84.30","84","49.32"
"83.85","972.94","305.19","304.96","31.88","91.17","41.15","23.00","1138","46.74","84.30","84","49.32"
"81.79","960.95","302.97","280.82","32.03","89.57","41.55","23.00","1137","46.74","84.40","84","49.32"
"79.04","955.92","302.38","309.28","31.95","87.59","41.93","23.00","1110","46.65","84.40","84","49.32"
"79.5","951.98","310.88","302.7","32.39","86.29","40.21","23.00","1169","46.74","84.40","84","49.32"
"84.76","962.96","480.09","505.06","35.93","95.29","39.91","23.00","1198","46.65","84.40","84","49.32"
"86.75","972.94","436.17","425.87","34.75","96.59","39.85","23.00","1218","46.65","84.40","84","49.32"
"89.19","977.98","365.76","434.65","32.50","93.16","42.02","23.00","1169","46.65","84.40","84","49.42"
"83.39","970.93","306.89","280.82","31.97","90.18","40.50","23.00","1161","46.65","84.40","84","49.42"
"81.25","960.95","328.26","320.4","32.87","90.18","39.94","23.00","1249","46.55","84.40","84","49.42"
"80.8","960.95","308.27","304.96","32.03","89.65","40.99","23.00","1143","46.45","84.40","84","49.42"
"79.5","955.92","306.07","304.96","32.16","88.35","41.01","23.00","1121","46.45","84.40","84","49.42"
"78.28","953.99","304.78","307.08","32.00","86.98","41.14","23.00","1104","46.45","84.40","84","49.42"
"78.43","951.98","303.29","293.98","32.02","85.53","40.73","23.00","1074","46.35","84.40","84","49.42"
"76.68","951.98","301.69","296.09","32.00","84.23","40.87","23.00","1044","46.35","84.50","84","49.42"
"74.77","951.98","300.91","289.6","32.01","83.54","40.82","23.00","1036","46.35","84.50","84","49.42"
"79.5","932.94","308.68","326.92","32.13","98.88","41.25","23.00","1338","46.25","84.40","84","49.42"
"87.59","934.95","315.70","315.88","32.20","96.59","40.14","23.00","1292","46.25","84.40","84","49.42"
"84.99","940.99","309.00","304.96","32.18","94.68","40.76","23.00","1267","46.25","84.40","84","49.42"
"92.55","942.91","488.68","469.76","36.33","100.25","39.27","23.00","1294","46.25","84.40","84","49.42"
"90.18","960.95","307.76","274.17","31.92","99.18","41.18","23.00","1282","46.25","84.40","84","49.52"
"86.75","951.98","305.47","276.28","32.01","94.15","41.01","23.00","1223","46.25","84.30","84","49.42"
"80.95","955.92","302.51","315.88","32.05","87.74","41.89","23.00","1082","46.16","84.20","84","49.42"
"75.07","955.92","300.17","296.09","31.90","81.79","41.41","23.00","987","46.16","84.10","84","49.42"
"71.56","955.92","299.99","304.96","31.86","78.13","42.02","23.00","890","46.06","84","84","49.42"
"60.43","960.95","299.99","309.28","31.81","68.28","41.83","23.00","826","46.06","84","84","49.42"
"56.46","960.95","299.99","298.29","32.04","64.47","41.67","23.00","769","46.06","84","84","49.52"
"60.58","953.99","299.99","302.7","32.11","70.04","41.53","23.00","836","45.96","84.10","84","49.52"
"76.37","930.92","392.00","360.01","34.63","101.47","37.62","23.00","1534","45.96","84.10","84","49.52"
"106.36","930.92","490.61","522.69","35.73","123.14","41.74","23.00","1539","45.96","84.20","84","49.52"
"100.94","951.98","354.87","335.7","33.40","111.92","39.58","23.00","1483","46.06","84.20","84","49.52"
"106.97","955.92","362.30","419.38","33.00","113.83","41.16","23.00","1484","46.06","84.20","84","49.61"
"105.59","953.99","459.28","467.68","35.02","118.87","40.30","23.00","1546","46.06","84.20","84","49.52"
"113.3","953.99","358.26","346.68","33.10","123.37","40.23","23.00","1580","46.06","84.20","84","49.61"
"119.17","955.92","548.20","584.18","37.22","130.08","39.21","23.00","1721","46.16","84.20","84","49.52"
"126.88","968.92","558.58","560.1","37.31","145.65","38.79","23.00","1870","46.16","84.20","84","49.61"
"140.69","985.95","581.98","590.9","37.75","159.38","38.89","23.00","2029","46.25","84.30","84","49.61"
"144.58","998.95","434.28","535.79","22","177.54","38.28","23.00","2011","46.25","84.40","84","49.71"
"98.34","1028.98","304.07","282.86","31.69","98.57","41.29","23.00","1152","46.25","84.40","84","49.61"
"92.77","974.96","309.87","296.09","31.96","103.46","41.12","23.00","1323","46.25","84.60","84","49.61"
"88.27","960.95","307.17","300.59","31.94","97.96","41.17","23.00","1277","46.35","84.70","84","49.61"
"84.53","955.92","304.87","307.08","32.11","94.15","41.17","23.00","1240","46.35","84.80","85","49.52"
"83.77","949.96","332.67","340.17","32.85","95.14","40.21","23.00","1226","46.45","84.90","85","49.52"
"83.47","951.98","358.08","331.29","33.71","97.28","38.84","23.00","1374","46.45","85","85","49.52"
"94.22","960.95","507.40","527.1","36.47","106.74","39.47","23.00","1371","46.45","85.10","85","49.52"
"101.17","968.92","519.76","507.26","36.51","112.69","39.32","23.00","1407","46.55","85.10","85","49.52"
"100.18","983.93","312.17","260.98","31.78","109.33","41.86","23.00","1377","46.45","85.20","85","49.52"
"97.66","960.95","312.90","293.98","32.11","107.58","41.81","23.00","1375","46.55","85.20","85","49.52"
"93.39","951.98","310.79","300.59","32.07","102.77","41.35","23.00","1340","46.55","85.20","85","49.52"
"89.65","947.95","308.50","302.7","32.07","98.73","41.08","23.00","1298","46.45","85.30","85","49.52"
"88.27","945.94","329.69","344.57","32.41","97.58","40.64","23.00","1291","46.55","85.30","85","49.52"
"85.07","947.95","322.79","320.4","32.51","95.67","40.13","23.00","1305","46.55","85.40","85","49.52"
"87.97","951.98","329.18","331.29","32.39","95.60","40.44","23.00","1271","46.55","85.40","85","49.52"
"85.45","949.96","349.57","326.92","33.48","95.83","38.83","23.00","1356","46.55","85.50","85","49.52"
"92.85","962.96","502.70","520.4","36.49","104.98","39.52","23.00","1350","46.65","85.50","85","49.52"
"100.1","972.94","521.27","522.69","36.67","112.38","39.40","23.00","1426","46.65","85.60","85","49.61"
"106.28","981.92","346.27","478.8","20.77","115.43","40.28","23.00","1439","46.65","85.60","85","49.61"
"103.68","960.95","317.19","302.7","32.06","114.44","41.73","23.00","1442","46.55","85.60","85","49.61"
"97.96","951.98","314.60","322.46","32.09","108.87","41.93","23.00","1414","46.55","85.60","85","49.61"
"93.54","947.95","312.49","313.68","32.15","105.06","42.09","23.00","1371","46.55","85.60","85","49.52"
"91.55","945.94","310.29","289.6","32.10","100.63","41.19","23.00","1322","46.55","85.70","85","49.52"
"88.43","942.91","318.29","302.7","32.30","97.96","40.24","23.00","1302","46.55","85.80","85","49.52"
"86.29","947.95","319.30","320.4","32.27","95.98","40.71","23.00","1269","46.55","85.80","85","49.52"
"87.59","942.91","407.57","377.48","35.18","101.62","37.92","23.00","1302","46.55","85.90","85","49.52"
"93.69","962.96","507.86","522.69","36.08","106.97","39.90","23.00","1369","46.65","85.90","85","49.52"
"99.34","968.92","357.67","384.09","32.67","108.57","41.51","23.00","1392","46.65","85.90","85","49.52"
"97.96","957.93","323.70","313.68","32.37","107.50","41.27","23.00","1392","46.55","85.90","85","49.52"
"93.23","951.98","311.98","311.48","32.07","104.83","41.63","23.00","1359","46.55","85.90","85","49.52"
"90.64","947.95","309.97","293.98","32.02","100.79","41.26","23.00","1324","46.55","85.90","85","49.61"
"87.36","947.95","307.49","302.7","32.03","97.28","41.32","23.00","1275","46.55","85.90","86","49.52"
"82.47","947.95","303.71","311.48","32.01","90.33","41.73","23.00","1150","46.55","86","86","49.52"
"79.27","953.99","301.50","315.88","31.95","84.99","42.21","23.00","1048","46.55","86.10","86","49.52"
"74.69","955.92","300.08","287.31","31.89","81.79","41.32","23.00","995","46.55","86.10","86","49.52"
"72.25","951.98","299.99","304.96","31.99","78.89","41.59","23.00","935","46.55","86.10","86","49.52"
"62.49","960.95","299.99","307.08","31.99","68.67","41.52","23.00","794","46.55","86.10","86","49.52"
"55.85","960.95","299.99","302.7","31.97","64.77","41.80","23.00","786","46.45","86.10","86","49.52"
"57.45","955.92","299.99","302.7","31.88","66.00","42.10","23.00","760","46.45","86.10","86","49.52"
"55.92","955.92","299.99","296.09","31.97","63.78","41.81","23.00","744","46.45","86.20","86","49.61"
"55.39","955.92","299.99","300.59","32.01","62.56","42.08","23.00","707","46.45","86.20","86","49.71"
"54.09","951.98","337.30","315.88","32.84","71.87","41.26","23.00","1090","46.45","86.30","86","49.71"
"79.73","938.98","348.98","346.68","32.92","87.97","40.63","23.00","1176","46.45","86.30","86","49.71"
"99.34","940.99","489.69","542.46","35.75","99.49","39.97","23.00","1204","46.45","86.30","86","49.71"
"92.85","972.94","502.01","485.29","36.32","106.36","39.28","23.00","1386","46.55","86.30","86","49.61"
"103.99","972.94","335.79","430.27","20.83","112.69","40.45","23.00","1419","46.65","86.30","86","49.71"
"98.19","960.95","313.18","291.71","32.03","107.73","41.73","23.00","1362","46.65","86.30","86","49.71"
"88.88","955.92","306.48","296.09","31.95","95.83","41.51","23.00","1235","46.65","86.30","86","49.71"
"80.95","960.95","302.28","307.08","31.95","87.97","41.96","23.00","1086","46.74","86.40","86","49.61"
"75.84","960.95","301.69","287.31","32.07","83.47","40.68","23.00","1042","46.74","86.50","86","49.61"
"79.04","951.98","320.86","340.17","32.35","86.59","41.06","23.00","1060","46.74","86.50","86","49.61"
"74.77","955.92","355.46","333.5","33.50","85.15","39.44","23.00","1216","46.74","86.60","86","49.61"
"85.07","957.93","480.32","502.88","35.94","94.45","39.84","23.00","1217","46.84","86.60","86","49.71"
"94.22","968.92","505.29","500.68","36.45","106.97","39.36","23.00","1397","46.84","86.70","86","49.71"
"105.29","970.93","527.58","538.08","36.67","119.86","39.46","23.00","1536","46.84","86.80","86","49.71"
"112.99","972.94","402.39","450","32.75","132.14","42.35","23.00","1617","46.84","86.90","86","49.71"
"105.06","968.92","312.49","291.71","31.77","105.90","41.81","23.00","1200","46.84","86.90","86","49.71"
"74.77","983.93","299.99","298.29","31.83","79.65","41.81","23.00","935","46.94","86.90","86","49.71"
"73.62","964.98","299.99","296.09","31.99","80.95","41.66","23.00","969","46.94","86.90","87","49.71"
"69.35","962.96","314.51","300.59","32.53","79.19","40.26","23.00","1062","46.94","87","87","49.71"
"97.43","934.95","501.87","531.48","36.32","115.89","39.42","23.00","1552","46.94","87.10","87","49.71"
"84.15","983.93","299.99","274.17","31.75","81.56","41.52","23.00","861","46.94","87.20","87","49.71"
"62.79","977.98","299.99","302.7","32.00","68.28","41.71","23.00","739","46.94","87.30","87","49.71"
"56.15","968.92","299.99","300.59","32.05","62.18","41.67","23.00","719","46.94","87.40","87","49.71"
"54.93","964.98","299.99","302.7","31.92","62.03","41.91","23.00","723","46.94","87.50","87","49.71"
"54.4","960.95","299.99","304.96","31.92","61.65","41.75","23.00","718","46.94","87.50","87","49.71"
"54.25","960.95","299.99","298.29","31.97","61.34","41.74","23.00","716","46.94","87.60","87","49.86"
"52.8","955.92","299.99","302.7","31.92","60.96","41.71","23.00","712","46.94","87.70","87","49.86"
"52.64","955.92","301.69","300.59","31.94","61.19","41.69","23.00","719","46.84","87.70","87","49.86"
"54.09","955.92","305.56","304.96","32.21","61.80","41.41","23.00","736","46.94","87.80","87","49.86"
"77.97","932.94","500.50","467.68","36.64","104.30","38.93","23.00","1512","46.94","87.80","87","49.86"
"111.24","938.98","534.37","540.17","36.98","126.34","39.24","23.00","1623","46.94","87.90","87","49.86"
"109.48","964.98","497.88","494.07","35.89","122.68","40.05","23.00","1551","47.04","87.90","87","49.86"
"100.94","981.92","384.00","384.09","33.31","108.64","40.62","23.00","1415","47.14","87.90","87","49.96"
"104.68","964.98","543.38","527.1","37.09","123.45","39.55","23.00","1477","47.14","87.90","87","49.86"
"110.93","979.99","548.79","555.69","37.07","125.58","39.40","23.00","1609","47.23","87.90","87","49.86"
"122.45","979.99","538.50","551.29","36.48","139.93","39.41","23.00","1771","47.23","87.90","88","49.86"
"129.78","974.96","357.16","417.09","21.56","149.69","39.95","23.00","1687","47.23","88.10","88","49.96"
"86.82","1002.97","304.07","289.6","31.76","91.48","42","23.00","1057","47.33","88.10","88","49.96"
"81.94","972.94","302.70","304.96","31.97","90.03","41.92","23.00","1121","47.33","88.20","88","49.86"
"78.43","964.98","301.28","302.7","31.96","85.53","42.05","23.00","1046","47.33","88.40","88","49.86"
"74.46","960.95","299.99","287.31","31.88","81.56","41.31","23.00","979","47.33","88.50","88","49.71"
"67.37","960.95","299.99","307.08","31.94","74.16","42.02","23.00","828","47.33","88.60","88","49.71"
"59.43","960.95","299.99","315.88","31.86","70.95","42.79","23.00","796","47.33","88.70","88","49.71"
"58.67","960.95","307.90","300.59","32.11","72.33","41.48","23.00","973","47.23","88.80","88","49.71"
"86.06","925.98","347.78","326.92","33.55","103.38","38.85","23.00","1496","47.23","88.80","88","49.86"
"113.76","930.92","545.26","568.79","37.14","132.14","39.11","23.00","1762","47.33","88.80","88","49.86"
"118.79","970.93","539.48","546.77","37.07","136.87","38.72","23.00","1731","47.33","88.80","88","49.86"
"127.26","981.92","567.87","564.48","37.36","146.56","39.11","23.00","1848","47.43","88.80","88","49.96"
"126.27","972.94","329.60","313.68","32.35","133.59","41.60","23.00","1449","47.43","88.80","88","49.96"
"83.77","994.92","302.10","304.96","31.90","87.05","41.58","23.00","980","47.53","88.80","88","49.96"
"74.16","977.98","299.99","302.7","31.87","81.18","41.96","23.00","945","47.53","88.80","89","49.96"
"63.25","972.94","299.99","307.08","31.87","71.49","42.06","23.00","779","47.53","88.90","89","49.86"
"59.36","964.98","299.99","304.96","32.03","64.24","42.04","23.00","752","47.53","89","89","49.86"
"57.45","960.95","299.99","300.59","32.04","69.05","42.33","23.00","767","47.43","89.10","89","49.86"
"56.76","960.95","299.99","300.59","32.01","64.16","42.05","23.00","725","47.43","89.20","89","49.96"
"54.63","960.95","299.99","300.59","31.91","61.80","42.06","23.00","722","47.53","89.20","89","49.96"
"54.25","957.93","299.99","298.29","32.09","61.26","42.01","23.00","718","47.43","89.30","89","49.96"
"53.79","955.92","299.99","293.98","32.04","61.04","41.81","23.00","714","47.43","89.40","89","49.96"
"52.03","955.92","341.27","326.92","33.10","59.05","39.73","23.00","1028","47.43","89.40","89","49.96"
"100.18","923.96","422.29","529.18","21.14","112.69","38.46","23.00","1043","47.43","89.40","89","50.06"
"59.28","977.98","299.99","307.08","32.07","66.45","41.79","23.00","753","47.53","89.40","89","49.96"
"52.03","968.92","306.39","302.7","32.19","58.90","41.68","23.00","703","47.53","89.40","89","49.96"
"52.8","964.98","314.88","318.06","32.55","61.19","41.49","23.00","726","47.53","89.40","89","49.96"
"54.55","960.95","314.69","313.68","32.43","61.95","40.91","23.00","782","47.43","89.40","89","50.06"
"94.15","921.95","516.78","533.68","36.67","117.19","39.47","23.00","1602","47.43","89.40","89","50.06"
"112.99","955.92","311.39","282.86","31.73","97.96","41.89","23.00","898","47.53","89.40","89","50.06"
"57.3","989.97","299.99","300.59","31.95","63.63","41.80","23.00","719","47.63","89.40","89","50.06"
"52.8","972.94","309.87","311.48","32.20","61.57","41.70","23.00","723","47.63","89.40","89","50.06"
"53.79","968.92","310.88","309.28","32.12","61.65","41.76","23.00","718","47.63","89.40","89","50.06"
"52.95","964.98","310.88","311.48","32.18","60.65","41.58","23.00","718","47.63","89.50","89","50.06"
"52.49","964.98","311.39","311.48","32.21","61.26","41.65","23.00","751","47.53","89.60","89","50.06"
"56.23","960.95","299.99","296.09","31.96","62.79","41.79","23.00","727","47.53","89.70","89","50.15"
"53.56","960.95","299.99","300.59","31.92","61.49","41.93","23.00","721","47.63","89.70","89","50.15"
"53.94","955.92","299.99","300.59","32.03","61.34","41.87","23.00","720","47.63","89.80","89","50.06"
"53.79","955.92","299.99","298.29","32.03","61.34","41.79","23.00","720","47.63","89.80","89","50.15"
"54.17","955.92","299.99","300.59","32.02","61.34","41.97","23.00","721","47.63","89.90","90","50.15"
"54.25","955.92","299.99","298.29","32.02","61.57","42.06","23.00","719","47.63","90","90","50.15"
"53.86","955.92","299.99","302.7","32.02","61.34","41.98","23.00","720","47.72","90","90","50.15"
"54.4","955.92","299.99","302.7","31.92","61.57","42.11","23.00","717","47.72","90.10","90","50.15"
"54.25","955.92","299.99","300.59","31.83","61.49","41.99","23.00","719","47.72","90.10","90","50.15"
"54.25","955.92","299.99","298.29","31.97","61.49","41.91","23.00","718","47.72","90.10","90","50.06"
"53.64","955.92","299.99","296.09","32.11","61.57","41.80","23.00","720","47.72","90.10","90","50.15"
"53.64","955.92","299.99","304.96","31.92","61.26","41.80","23.00","720","47.72","90.10","90","50.15"
"54.86","955.92","299.99","302.7","31.92","61.34","42.04","23.00","722","47.82","90.10","90","50.15"
"53.33","955.92","299.99","300.59","31.88","61.49","42.21","23.00","718","47.82","90.10","90","50.15"
"54.47","955.92","299.99","298.29","31.92","61.49","41.76","23.00","719","47.82","90.20","90","50.15"
"53.64","955.92","299.99","300.59","31.97","61.34","41.71","23.00","721","47.82","90.20","90","50.15"
"54.4","955.92","299.99","298.29","31.96","61.34","41.95","23.00","721","47.92","90.30","90","50.15"
"53.94","955.92","299.99","300.59","31.96","61.49","41.91","23.00","720","47.92","90.30","90","50.15"
"53.56","955.92","299.99","300.59","31.91","61.34","41.81","23.00","718","47.92","90.30","90","50.15"
"54.55","955.92","299.99","302.7","31.87","61.49","41.88","23.00","719","47.92","90.30","90","50.15"
"53.48","955.92","299.99","300.59","31.97","61.49","41.99","23.00","722","47.92","90.40","90","50.15"
"54.47","955.92","299.99","300.59","31.97","61.34","41.92","23.00","721","47.92","90.40","90","50.15"
"54.09","955.92","299.99","300.59","32.02","61.49","41.99","23.00","717","48.02","90.50","90","50.15"
"53.56","955.92","299.99","302.7","32.01","61.57","41.66","23.00","720","48.02","90.50","90","50.15"
"54.09","955.92","299.99","300.59","31.82","61.34","41.96","23.00","720","48.02","90.50","90","50.15"
"53.64","955.92","299.99","300.59","31.97","61.34","41.87","23.00","718","48.12","90.50","90","50.15"
"54.09","955.92","299.99","302.7","31.87","61.34","41.87","23.00","719","48.12","90.50","90","50.15"
"54.09","955.92","299.99","300.59","32.06","61.57","42.03","23.00","719","48.12","90.50","90","50.15"
"53.86","955.92","299.99","304.96","32.05","61.19","41.84","23.00","720","48.12","90.50","90","50.15"
"53.64","955.92","299.99","302.7","31.97","61.49","41.71","23.00","718","48.12","90.60","90","50.15"
"53.79","955.92","299.99","298.29","31.92","61.34","42.15","23.00","721","48.21","90.70","90","50.15"
"54.17","955.92","299.99","300.59","31.97","61.34","41.98","23.00","721","48.21","90.70","90","50.15"
"53.64","955.92","299.99","300.59","31.92","61.26","41.95","23.00","719","48.21","90.70","90","50.15"
"54.09","955.92","299.99","302.7","31.91","61.19","42.01","23.00","718","48.21","90.70","90","50.15"
"54.4","955.92","299.99","298.29","31.96","61.34","41.93","23.00","710","48.31","90.70","90","50.15"
"54.55","955.92","299.99","296.09","31.92","61.49","41.87","23.00","722","48.31","90.80","90","50.15"
"53.25","955.92","299.99","300.59","31.88","61.26","41.83","23.00","721","48.31","90.90","90","50.15"
"53.79","955.92","299.99","298.29","32.03","61.26","41.80","23.00","719","48.31","90.90","90","50.15"
"53.56","955.92","299.99","298.29","32.06","61.26","41.89","23.00","721","48.31","90.90","90","50.15"
"53.94","955.92","299.99","296.09","31.97","61.34","41.94","23.00","718","48.41","90.90","90","50.15"
"54.17","955.92","299.99","298.29","31.87","61.26","41.87","23.00","719","48.41","90.90","90","50.15"
"54.17","955.92","299.99","298.29","32.02","61.34","41.89","23.00","721","48.41","90.90","90","50.15"
"54.09","955.92","299.99","298.29","32.01","61.34","41.89","23.00","718","48.41","90.90","90","50.15"
"54.09","955.92","299.99","296.09","31.97","61.34","41.99","23.00","723","48.56","90.90","90","50.15"
"53.56","955.92","299.99","298.29","32.02","61.26","41.91","23.00","722","48.56","91","91","50.15"
"53.86","955.92","299.99","296.09","32.02","61.26","41.65","23.00","719","48.56","91","91","50.15"
"54.17","955.92","299.99","300.59","31.92","61.49","41.92","23.00","718","48.56","91.10","91","50.15"
"54.47","955.92","299.99","300.59","31.92","61.19","41.84","23.00","723","48.56","91.10","91","50.15"
"53.94","955.92","299.99","298.29","31.97","61.26","41.92","23.00","720","48.56","91.10","91","50.15"
"53.03","955.92","299.99","302.7","31.92","61.34","41.83","23.00","719","48.66","91.20","91","50.15"
"54.55","955.92","299.99","300.59","31.92","61.26","42.16","23.00","720","48.66","91.20","91","50.25"
"53.64","955.92","299.99","300.59","31.88","61.34","41.85","23.00","719","48.66","91.30","91","50.25"
"54.25","955.92","299.99","298.29","31.92","61.34","41.94","23.00","719","48.75","91.30","91","50.15"
"54.09","955.92","299.99","300.59","31.97","61.34","41.73","23.00","719","48.75","91.30","91","50.15"
"53.86","955.92","299.99","298.29","31.93","61.26","41.77","23.00","718","48.75","91.30","91","50.15"
