"Воздушная масса: Заданное значение[kg/h]","Давление заряда воздуха, фактическое[mbar]","Давление магистрали, уставка[бар]","Действительное давление в рейке[bar]","Клапан регулировки давления в рейке , активация[%]","Масса воздуха[кг/ч]","Подача активации управляющего клапана [%]","Регулятор нагнетаемого давления , активация[%]","Скорость вращения двигателя[об/мин]","Температура воздуха на впуске[degree C]","Температура двигателя[degree C]","Температура охлаждающей жидкости[degree C]","Температура топлива[degree C]"
"54.55","985.95","315.01","318.06","23.82","61.65","33.52","94.98","721","59.15","","",""
"54.55","985.95","315.01","318.06","23.82","61.65","33.52","94.98","721","59.15","96.40","",""
"54.55","985.95","315.01","318.06","23.82","61.65","33.52","94.98","721","59.15","96.40","96",""
"54.55","985.95","315.01","318.06","23.82","61.65","33.52","94.98","721","59.15","96.40","96","60.45"
"54.63","985.95","315.01","313.68","23.87","61.65","33.48","94.98","719","59.25","96.40","96","60.45"
"53.94","985.95","315.01","315.88","23.92","61.49","33.41","94.98","719","59.35","96.50","96","60.45"
"54.47","987.96","315.01","313.68","23.87","61.49","33.46","94.98","720","59.35","96.50","96","60.55"
"54.86","985.95","315.01","315.88","23.91","61.57","33.43","94.98","721","59.45","96.50","96","60.65"
"54.78","987.96","315.01","315.88","23.80","61.49","33.48","94.98","721","59.64","96.50","96","60.65"
"54.86","987.96","315.01","313.68","23.88","61.80","33.47","94.98","719","59.64","96.50","96","60.65"
"54.78","985.95","315.01","313.68","23.86","61.80","33.40","94.98","719","59.64","96.50","96","60.65"
"54.86","985.95","315.01","315.88","23.83","62.18","33.42","94.98","722","59.74","96.50","96","60.75"
"54.63","987.96","315.01","315.88","23.89","61.57","33.42","94.98","718","59.84","96.50","96","60.75"
"50.97","983.93","360.51","333.5","24.93","80.57","33.37","88.94","1444","59.84","96.60","96","60.75"
"182.73","1032.91","772.00","764.66","33.41","264.44","27.87","90.73","3431","60.33","96.60","96","60.75"
"355.23","1148.91","467.40","808.58","4.01","407.49","12.75","42.38","4184","61.46","96.70","96","60.84"
"298.77","1195.97","392.27","401.7","4.93","337.22","31.28","51.87","2918","62.53","96.70","96","60.84"
"208.13","1263.99","349.30","318.06","20.25","211.87","34.85","94.98","1806","63.12","96.70","96","60.84"
"104.83","1212.91","311.07","300.59","22.38","103.38","34.22","94.98","870","63.42","96.70","96","60.75"
"62.56","1103.96","315.01","313.68","23.83","69.20","33.89","94.98","720","63.42","96.70","96","60.75"
"57.98","1045.91","315.01","315.88","23.89","64.77","33.75","94.98","718","63.12","96.80","96","60.75"
"56.15","1017.99","315.01","313.68","23.95","63.10","33.74","94.98","717","63.12","96.80","96","60.84"
"55.08","1007.92","315.01","315.88","23.93","62.33","33.60","94.98","720","63.03","97","97","60.84"
"55.39","998.95","315.01","315.88","23.94","62.18","33.61","94.98","720","63.03","97.10","97","61.04"
"54.78","994.92","315.01","313.68","24.03","61.88","33.58","94.98","720","62.83","97.20","97","61.04"
"54.55","992.99","315.01","313.68","24.09","61.80","33.59","94.98","721","63.03","97.20","97","61.04"
"55.08","989.97","315.01","315.88","24.00","61.57","33.53","94.98","719","63.03","97.40","97","61.04"
"53.64","989.97","315.01","313.68","24.09","61.65","33.55","94.98","720","63.03","97.40","97","61.04"
"54.55","989.97","315.01","311.48","24.02","61.49","33.53","94.98","717","63.03","97.50","97","61.04"
"55.08","989.97","315.01","313.68","24.00","61.57","33.60","94.98","721","63.12","97.60","97","61.04"
"54.25","989.97","315.01","318.06","24.00","61.34","33.57","94.98","720","63.12","97.70","97","61.04"
"54.47","989.97","315.01","313.68","24.05","61.49","33.57","94.98","720","63.12","97.70","97","61.04"
"54.4","985.95","315.01","313.68","24.06","61.26","33.60","94.98","714","63.12","97.70","97","61.14"
"54.63","985.95","315.01","315.88","23.76","61.57","33.32","94.98","722","63.22","97.70","97","61.04"
"54.25","985.95","315.01","315.88","23.82","61.34","33.46","94.98","718","63.22","97.70","97","61.14"
"53.64","989.97","315.01","313.68","24.03","58.29","33.44","94.98","684","63.42","97.70","97","61.14"
"52.8","989.97","315.01","315.88","23.91","59.74","33.40","94.98","720","63.42","97.70","97","61.14"
"52.26","994.92","315.01","315.88","23.85","59.66","33.25","94.98","721","63.42","97.70","97","61.24"
"52.95","994.92","315.01","313.68","23.85","59.89","33.32","94.98","724","63.52","97.70","97","61.24"
"52.95","994.92","315.01","313.68","23.92","59.66","33.32","94.98","712","63.52","97.70","97","61.24"
"52.19","994.92","315.01","313.68","24.05","59.89","33.29","94.98","716","63.61","97.80","97","61.24"
"53.25","994.92","315.01","311.48","23.92","60.04","33.28","94.98","718","63.61","97.80","97","61.24"
"52.34","994.92","315.01","315.88","23.89","59.74","33.42","94.98","721","63.61","97.90","97","61.24"
"53.79","994.92","315.01","313.68","23.84","60.43","33.34","94.98","723","63.61","97.90","97","61.24"
"53.33","994.92","315.01","313.68","23.82","60.43","33.34","94.98","723","63.61","97.90","98","61.24"
"54.63","994.92","315.01","315.88","23.85","61.34","33.24","94.98","725","63.61","98","98","61.33"
"53.56","989.97","315.01","311.48","23.94","60.04","33.33","94.98","712","63.86","98","98","61.33"
"53.25","994.92","315.01","315.88","23.93","59.43","33.21","94.98","722","63.96","98.10","98","61.33"
"53.94","994.92","315.01","315.88","23.92","61.19","33.29","94.98","723","63.86","98.10","98","61.33"
"53.56","994.92","315.01","315.88","23.88","61.19","33.30","94.98","714","63.86","98.10","98","61.53"
"50.28","989.97","369.98","342.28","25.14","69.20","33.17","94.98","1012","63.86","98.10","98","61.33"
"85.07","1020.92","524.58","494.07","29.59","111.24","33.48","94.98","1523","64.25","98.10","98","61.33"
"145.88","1180.96","636.49","643.6","31.09","172.73","33.46","94.98","1792","64.64","98.10","98","61.53"
"188.83","1359.94","721.00","716.27","33.20","233.84","33.01","94.98","2137","65.23","98.10","98","61.53"
"244.37","1481.98","851.10","841.58","35.56","306.17","31.83","91.89","2355","65.72","98","97","61.63"
"169.07","1582.97","516.68","518.29","28.43","196.99","33.27","94.98","1696","66.11","97.90","97","61.73"
"190.43","1535.91","740.86","762.37","33.71","226.75","33.34","94.98","1901","66.46","97.90","97","61.73"
"219.88","1582.97","790.99","790.99","34.62","271.38","32.89","94.98","2152","66.65","97.90","97","61.73"
"249.18","1618.95","863.27","815.16","46.46","317.39","38.24","94.98","2405","67.05","98","98","61.92"
"266.04","1622.98","666.67","608.4","41.39","352.33","39.75","87.51","2536","67.15","98.10","98","62.02"
"215.15","1667.93","868.75","901","45.33","254.98","38.67","94.98","1835","67.44","98.20","98","62.02"
"216.45","1680.93","853.16","848.16","45.18","255.89","38.68","94.98","1920","67.54","98.40","98","62.02"
"201.88","1535.91","340.26","362.07","34.15","225.38","42.13","93.01","1880","67.54","98.40","98","62.12"
"146.26","1272.97","328.11","313.68","34.11","152.13","41.61","94.43","1357","67.15","98.60","98","62.02"
"98.95","1154.95","307.26","304.96","33.84","112.15","42.13","94.93","1282","67.05","98.70","98","62.02"
"90.79","1096.91","306.89","300.59","34.52","100.63","41.53","94.98","1185","66.85","98.80","99","61.92"
"86.29","1066.97","345.31","340.17","35.03","95.37","41.92","94.98","1124","66.65","99","99","61.83"
"81.94","1049.94","349.21","348.98","35.12","89.04","41.85","94.98","1043","66.46","99","99","61.73"
"75.53","1032.91","349.80","346.68","35.21","83.77","41.80","94.98","960","66.11","99.10","99","61.73"
"80.49","1009.93","349.99","351.09","35.16","93.84","41.84","94.98","1204","65.92","99","98","61.73"
"85.15","1026.96","314.78","313.68","34.45","94.00","40.48","94.65","1222","65.72","98.90","98","61.73"
"101.93","1118.97","576.15","623.76","40.23","115.13","40.17","94.98","1305","65.72","98.90","98","61.73"
"108.64","1203.94","384.18","384.09","35.65","124.97","41.02","92.23","1349","65.62","98.80","98","61.92"
"101.4","1165.94","323.29","302.7","34.10","114.37","41.41","92.99","1266","65.43","98.70","98","62.02"
"92.77","1109.91","306.07","300.59","34.02","102.85","41.77","94.69","1192","65.23","98.50","98","62.02"
"88.27","1071.91","307.76","307.08","34.06","97.66","41.96","94.98","1179","65.04","98.30","98","62.02"
"84.69","1049.94","309.87","309.28","34.32","93.23","41.85","94.98","1114","64.74","98.20","98","62.02"
"80.34","1037.95","312.17","322.46","34.27","89.04","42.03","94.98","1054","64.64","98.10","98","62.02"
"78.13","1026.96","314.28","311.48","34.37","85.45","41.81","94.98","1002","64.35","98","97","62.02"
"75.15","1020.92","315.01","315.88","34.44","82.17","41.88","94.98","945","64.25","97.90","97","62.02"
"64.16","1015.97","315.01","331.29","34.50","70.65","42.19","94.98","802","63.96","97.80","97","62.02"
"55.92","1007.92","315.01","322.46","34.50","64.70","42.25","94.98","776","63.61","97.80","97","62.02"
"54.25","998.95","315.01","315.88","34.55","62.79","42.45","94.98","725","63.42","97.70","97","62.12"
"53.94","994.92","315.01","311.48","34.55","59.05","42.14","94.98","687","63.12","97.70","97","62.12"
"53.18","994.92","315.01","315.88","34.41","61.19","42.34","94.98","722","62.83","97.60","97","62.12"
"53.56","998.95","315.01","318.06","34.41","61.04","42.19","94.98","718","62.73","97.60","97","62.12"
"53.25","998.95","315.01","315.88","34.46","60.96","42.29","94.98","720","62.53","97.50","97","62.22"
"53.48","996.93","315.01","313.68","34.61","61.04","42.23","94.98","719","62.44","97.50","97","62.22"
"53.03","996.93","315.01","315.88","34.67","61.04","42.18","94.98","719","62.34","97.50","97","62.22"
"53.33","996.93","315.01","318.06","34.54","60.73","42.47","94.98","719","62.14","97.40","97","62.22"
"53.64","996.93","315.01","313.68","34.60","60.96","42.25","94.98","718","62.14","97.40","97","62.41"
"53.25","998.95","315.01","313.68","34.60","60.88","42.26","94.98","719","62.04","97.30","97","62.41"
"53.33","998.95","315.01","313.68","34.65","60.96","42.66","94.98","720","62.04","97.30","97","62.41"
"54.25","996.93","315.01","315.88","34.61","60.96","42.56","94.98","719","62.04","97.20","97","62.41"
"53.18","998.95","315.01","315.88","34.51","60.88","42.54","94.98","720","62.04","97.10","97","62.41"
"53.86","994.92","315.01","313.68","34.57","61.04","42.52","94.98","718","62.04","97.10","96","62.51"
"53.33","998.95","315.01","313.68","34.53","60.96","42.59","94.98","723","62.04","97","96","62.51"
"53.48","998.95","315.01","318.06","34.53","61.49","42.18","94.98","726","62.04","96.90","96","62.51"
"53.79","994.92","315.01","315.88","34.59","61.04","42.58","94.98","726","62.04","96.90","96","62.51"
"69.35","994.92","372.28","360.01","36.08","85.30","40.96","94.60","1179","62.14","96.90","96","62.51"
"106.05","1071.91","484.10","491.9","38.51","125.43","40.63","94.98","1486","62.53","96.90","96","62.51"
"150.38","1197.98","628.67","647.98","41.89","178.76","38.64","94.98","1896","63.03","96.90","96","62.51"
"204.17","1404.99","761.20","764.66","44.23","255.97","38.41","94.98","2330","63.42","96.90","96","62.66"
"223.24","1368.92","521.96","458.87","38.92","264.44","41.48","58.80","2105","63.86","96.80","96","62.86"
"197.38","1500.94","757.67","775.69","45.12","200.88","39.02","94.98","1600","64.25","96.80","96","62.86"
"193.48","1584.98","830.60","839.38","45.19","232.39","38.74","94.98","1900","64.55","96.70","96","62.86"
"228.43","1622.98","837.77","823.99","45.54","282.29","38.52","94.98","2168","64.74","96.80","96","62.95"
"264.44","1665.92","904.78","903.18","47.10","331.35","37.92","94.98","2445","65.04","96.90","97","62.95"
"265.89","1548","462.26","458.87","37.18","321.74","40.61","48.04","2470","65.43","97","97","62.95"
"192.87","1537.92","757.39","777.76","43.92","218.89","40.26","94.98","1733","65.62","97.20","97","63.05"
"205.39","1628.93","804.18","819.56","44.93","238.50","38.89","63.96","1848","65.92","97.40","97","63.05"
"184.48","1432.91","338.08","340.17","34.76","204.39","42.24","94.45","1749","65.92","97.60","97","63.05"
"127.49","1237.99","318.98","313.68","34.44","132.68","42.01","94.88","1315","65.72","97.70","97","62.95"
"99.26","1135.91","307.90","291.71","34.50","112.15","41.97","94.97","1292","65.72","97.90","98","62.86"
"91.48","1092.97","309.97","300.59","34.67","105.29","41.29","94.93","1288","65.72","98","98","62.86"
"110.93","1126.94","571.08","553.49","40.92","129.47","39.38","94.98","1367","65.92","98.20","98","62.66"
"128.33","1277","625.09","639.19","41.73","150.15","40.06","94.98","1455","65.92","98.30","98","62.66"
"143.43","1353.99","633.05","621.65","41.70","165.33","39.72","94.98","1505","65.92","98.40","98","62.66"
"137.94","1385.94","504.37","474.26","38.73","161.67","40.12","94.98","1494","65.72","98.30","98","62.86"
"140.69","1357.93","504.69","489.69","39.22","160.14","38.42","94.98","1550","65.62","98.30","98","62.86"
"152.28","1415.97","668.48","674.4","42.63","189.06","38.83","94.98","1984","65.62","98.30","98","62.86"
"221.79","1522.91","764.06","782.16","44.79","271.99","38.24","94.98","2173","65.62","98.30","98","62.86"
"247.27","1643.94","843.85","845.96","46.36","305.87","38.49","94.98","2254","65.72","98.30","98","62.95"
"268.02","1710.96","899.67","918.56","47.20","334.48","38.69","94.98","2377","65.92","98.30","98","62.95"
"273.9","1665.92","360.97","344.57","34.90","305.26","42.56","49.37","2372","65.92","98.40","98","62.95"
"227.59","1359.94","358.49","353.35","35.42","252.15","42.26","51.91","2230","65.72","98.40","98","62.95"
"188.98","1246.97","351.32","353.35","35.49","213.55","42.10","74.86","2098","65.62","98.50","98","62.86"
"171.59","1188.92","347.60","342.28","35.54","190.66","41.94","94.98","1942","65.62","98.50","98","62.66"
"156.79","1167.95","349.57","355.46","35.56","177.23","42.23","94.98","1848","65.43","98.50","98","62.51"
"146.94","1146.99","349.89","353.35","35.60","168.23","42.41","94.98","1774","65.33","98.50","98","62.51"
"143.13","1141.95","380.00","377.48","36.42","165.87","40.83","94.98","1756","65.33","98.40","98","62.51"
"144.35","1182.97","373.70","377.48","36.13","166.93","41.12","94.92","1734","65.23","98.30","98","62.41"
"142.37","1188.92","339.41","340.17","35.23","159.46","41.53","94.98","1586","65.23","98.20","98","62.51"
"102.77","1169.97","309.87","300.59","34.65","107.73","42.02","94.84","1189","64.94","98.10","97","62.51"
"91.1","1092.97","306.07","302.7","34.53","101.78","42.08","94.98","1200","64.74","97.90","97","62.51"
"86.59","1066.97","308.36","307.08","35.16","96.74","41.72","94.98","1155","64.64","97.80","97","62.41"
"84.53","1049.94","345.76","348.98","35.65","93.84","41.96","94.98","1137","64.64","97.80","97","62.41"
"81.86","1041.98","349.21","353.35","35.69","91.55","41.94","94.98","1095","64.35","97.70","97","62.41"
"79.35","1032.91","349.89","351.09","35.73","86.67","41.86","94.98","1008","64.25","97.70","97","62.41"
"73.24","1024.95","349.99","348.98","35.65","84.69","41.96","94.98","1131","63.96","97.70","97","62.22"
"86.82","1017.99","349.99","351.09","35.60","95.83","42.09","94.98","1193","63.61","97.70","97","62.22"
"83.47","1032.91","349.99","346.68","35.70","93.23","42.02","94.98","1136","63.61","97.60","97","62.22"
"80.26","1032.91","349.99","351.09","35.69","88.43","42.33","94.98","1020","63.52","97.50","97","62.22"
"72.25","1024.95","349.99","344.57","35.60","81.64","41.97","94.98","948","63.22","97.40","97","62.22"
"64.09","1015.97","315.01","337.99","34.77","71.49","42.80","94.98","783","63.12","97.30","97","62.22"
"60.96","1007.92","315.01","318.06","34.85","65.69","42.67","94.98","735","62.83","97.10","96","62.22"
"58.59","998.95","315.01","315.88","34.86","70.50","42.47","94.98","832","62.53","97","96","62.22"
"62.26","998.95","315.01","311.48","34.83","70.57","42.47","94.98","799","62.44","96.90","96","62.41"
"60.35","998.95","315.01","315.88","34.83","68.89","42.09","94.98","863","62.34","96.90","96","62.22"
"79.27","1000.96","401.88","364.38","37.74","101.85","40.09","94.98","1356","62.34","96.90","96","62.41"
"98.27","1105.97","368.97","362.07","36.16","108.80","41.01","94.54","1270","62.53","96.80","96","62.41"
"104.98","1139.94","427.89","443.51","37.45","114.37","41.02","94.98","1279","62.53","96.70","96","62.41"
"112.54","1178.94","560.51","535.79","40.48","132.75","39.83","94.98","1433","62.83","96.60","96","62.41"
"138.63","1277","638.96","634.88","42.18","166.09","39.47","94.98","1616","62.83","96.60","96","62.51"
"171.36","1406.91","690.29","674.4","43.27","210.27","38.69","94.98","1844","62.83","96.50","96","62.51"
"211.64","1551.93","780.10","782.16","44.70","265.58","38.70","94.98","2107","63.12","96.40","96","62.51"
"176.78","1633.96","733.27","685.38","44.34","207.75","38.46","94.98","1536","63.22","96.30","96","62.66"
"178.53","1609.98","794.57","804.18","44.96","212.02","39.22","94.98","1624","63.12","96.40","96","62.66"
"193.26","1628.93","557.67","680.98","37.02","218.05","51.46","74.43","1661","63.22","96.40","96","62.86"
"158.46","1338.98","328.95","298.29","34.72","174.49","41.81","94.53","1578","62.83","96.50","96","62.66"
"101.4","1203.94","310.79","304.96","34.48","108.57","42.16","94.98","1108","62.53","96.70","96","62.66"
"85.37","1107.99","312.99","309.28","34.70","93.54","42.02","94.98","1016","62.53","96.80","97","62.51"
"78.74","1060.93","314.19","311.48","34.84","88.43","41.99","94.98","1002","62.34","96.90","97","62.51"
"80.8","1028.98","305.38","309.28","34.58","98.50","42.08","94.96","1261","62.34","97.10","97","62.41"
"86.06","1041.98","307.40","309.28","34.61","96.89","42.12","94.98","1169","62.34","97.20","97","62.41"
"83.77","1043.99","311.20","313.68","34.74","91.25","42.02","94.98","1070","62.34","97.30","97","62.22"
"78.28","1032.91","314.51","309.28","34.92","86.06","41.92","94.98","990","62.14","97.30","97","62.22"
"72.79","1024.95","315.01","313.68","34.90","79.58","42.25","94.98","843","62.04","97.20","97","62.22"
"63.1","1015.97","315.01","331.29","34.89","73.17","43.06","94.98","784","61.85","97.20","97","62.22"
"59.05","1007.92","315.01","318.06","34.79","67.67","42.75","94.98","817","61.75","97.10","96","62.22"
"60.96","998.95","315.01","311.48","34.83","70.04","42.86","94.98","785","61.65","97.10","96","62.22"
"59.97","998.95","315.01","313.68","34.87","66.76","42.37","94.98","770","61.46","97","96","62.22"
"55.47","994.92","315.01","315.88","34.91","64.16","42.37","94.98","728","61.46","96.90","96","62.22"
"54.93","994.92","315.01","315.88","35.63","62.18","43.65","94.98","711","61.36","96.90","96","62.22"
"55.16","989.97","315.01","318.06","34.55","62.64","42.27","94.98","722","61.21","96.90","96","62.22"
"63.94","981.92","404.86","368.7","37.72","91.94","39.78","94.98","1358","61.21","97","96","62.22"
"105.74","1109.91","374.89","384.09","36.02","111.70","41.33","94.33","1258","61.65","97","97","62.22"
"115.13","1150.93","581.29","575.46","41.19","150.53","38.95","94.98","1724","61.75","97","96","62.22"
"172.73","1378.99","697.38","714","43.41","196.46","39.56","94.98","1687","62.24","96.90","96","62.22"
"170.06","1477.96","525.31","485.29","39.34","199.28","40.52","92.17","1753","62.44","96.90","96","62.41"
"173.72","1449.94","502.61","489.69","38.91","196.23","40.23","90.27","1780","62.53","96.90","96","62.41"
"173.72","1425.95","501.69","507.26","38.62","202.18","41.26","91.86","1535","62.83","96.90","96","62.41"
"116.04","1342.91","444.61","414.88","38.13","128.56","39.04","94.98","1288","62.73","97","97","62.41"
"127.79","1336.96","619.20","641.49","41.34","144.27","39.83","94.98","1376","62.83","97","97","62.41"
"127.26","1363.97","430.09","441.3","34.99","146.18","49.08","87.63","1354","62.83","97.20","97","62.41"
"108.95","1203.94","310.38","271.87","34.54","123.45","42.07","94.16","1332","62.73","97.30","97","62.41"
"96.59","1126.94","304.96","296.09","34.49","106.28","42.08","94.98","1215","62.73","97.50","97","62.22"
"87.66","1086.93","332.58","329.09","35.30","96.36","41.85","94.98","1087","62.73","97.60","97","62.22"
"79.88","1058.91","346.68","342.28","35.70","86.75","41.88","94.98","969","62.73","97.70","97","62.12"
"70.73","1037.95","315.01","360.01","22.94","75.99","41.22","94.98","805","62.53","97.80","97","62.12"
"64.7","1022.93","315.01","333.5","34.91","69.43","42.74","94.98","797","62.53","97.90","97","62.12"
"61.26","1007.92","315.01","318.06","34.85","69.58","43.14","94.98","762","62.44","97.90","97","62.02"
"57.14","1002.97","315.01","318.06","34.90","61.95","42.51","94.98","722","62.34","97.90","97","62.02"
"55.16","998.95","315.01","311.48","35.04","62.33","42.75","94.98","723","62.14","97.90","97","62.12"
"54.47","994.92","315.01","311.48","34.89","62.33","42.61","94.98","723","62.14","97.90","97","62.12"
"54.47","994.92","315.01","313.68","34.94","62.18","42.78","94.98","714","62.14","97.90","97","62.12"
"51.58","994.92","315.01","313.68","34.93","59.66","42.45","94.98","713","62.04","97.90","97","62.12"
"52.8","998.95","315.01","318.06","34.87","60.96","42.58","94.98","721","62.04","97.90","97","62.12"
"54.09","998.95","315.01","318.06","34.92","61.26","42.50","94.98","720","62.04","97.90","98","62.12"
"53.86","998.95","315.01","315.88","34.97","61.04","42.57","94.98","724","62.04","98","97","62.12"
"53.79","1000.96","315.01","313.68","34.92","61.65","42.51","94.98","725","62.04","98","97","62.12"
"53.64","1000.96","315.01","313.68","34.87","61.34","42.74","94.98","717","61.85","98","98","62.12"
"53.25","1000.96","315.01","311.48","34.87","61.26","42.54","94.98","724","61.85","98.10","98","62.12"
"53.25","998.95","332.30","315.88","35.72","58.98","40.67","94.98","965","61.85","98.10","98","62.12"
"82.93","1041.98","315.01","298.29","34.87","80.19","41.90","94.98","787","62.04","98.10","98","62.12"
"56.46","1028.98","315.01","322.46","34.78","63.78","42.57","94.98","725","62.04","98.10","98","62.12"
"54.55","1011.95","315.01","315.88","34.90","62.03","42.66","94.98","717","62.04","98.10","98","62.12"
"53.94","1007.92","315.01","313.68","34.96","61.26","42.46","94.98","721","61.85","98.10","98","62.12"
"53.79","1002.97","315.01","311.48","34.91","61.34","42.63","94.98","719","61.75","98.10","98","62.12"
"54.25","1000.96","315.01","315.88","34.95","61.57","42.40","94.98","717","61.75","98","98","62.12"
"53.33","1000.96","315.01","313.68","34.85","61.04","42.65","94.98","717","61.75","98","97","62.12"
"53.64","1000.96","315.01","315.88","34.86","61.19","42.44","94.98","721","61.65","98","97","62.12"
"54.47","998.95","315.01","318.06","34.86","62.03","42.65","94.98","721","61.65","97.90","97","62.12"
"54.4","1000.96","315.01","318.06","34.86","61.49","42.61","94.98","721","61.46","97.90","97","62.22"
"54.17","998.95","315.01","313.68","34.95","61.04","42.32","94.98","724","61.46","97.90","97","62.22"
"55.47","998.95","315.01","318.06","34.91","62.26","42.44","94.98","733","61.46","97.90","97","62.22"
"54.4","1000.96","315.01","315.88","34.92","61.95","42.63","94.98","721","61.46","97.80","97","62.22"
"53.64","998.95","315.01","313.68","34.86","64.24","42.31","94.98","791","61.36","97.80","97","62.12"
"90.49","1009.93","491.39","478.8","39.24","118.03","40.21","94.98","1534","61.46","97.70","97","62.22"
"134.13","1193.96","509.78","520.4","39.47","157.78","40.28","94.98","1711","61.75","97.70","97","62.22"
"158.77","1304.92","537.81","524.8","39.98","188.52","39.84","75.95","1981","62.04","97.60","97","62.22"
"191.2","1408.92","549.89","562.3","40.01","223.70","40.01","66.23","2114","62.34","97.50","97","62.22"
"149.16","1440.97","671.96","647.98","42.64","166.93","39.79","94.98","1443","62.53","97.40","97","62.41"
"162.43","1473.93","689.79","698.57","42.84","191.88","39.48","94.98","1672","62.53","97.30","97","62.41"
"195.77","1556.97","752.25","731.66","44.38","239.87","38.46","94.98","1932","62.73","97.30","97","62.41"
"235.14","1652.92","832.77","841.58","46.11","294.65","38.24","94.98","2188","63.03","97.30","97","62.41"
"274.97","1701.99","929.69","929.55","47.85","341.04","55.86","22.46","2371","63.22","97.30","97","62.51"
"225.15","1363.97","342.46","348.98","34.56","190.36","42.83","92.28","1399","63.22","97.30","97","62.51"
"133.44","1246.97","322.10","302.7","34.75","152.74","42.42","94.94","1516","63.22","97.40","97","62.41"
"123.98","1186.91","318.47","320.4","34.78","138.09","42.23","94.98","1471","63.22","97.60","97","62.41"
"122.38","1169.97","358.08","379.68","35.92","133.59","41.24","94.88","1450","63.22","97.70","97","62.22"
"124.89","1212.91","390.90","405.96","35.78","138.86","41.20","94.39","1446","63.42","97.80","98","62.22"
"121.08","1195.97","332.30","326.92","35.20","134.58","41.67","92.46","1430","63.42","98","98","62.22"
"112.23","1152.94","313.77","315.88","34.75","125.05","42.26","93.68","1395","63.22","98","98","62.22"
"106.13","1116.96","311.48","311.48","34.74","117.57","42.46","94.54","1350","63.22","98.10","98","62.22"
"98.65","1088.94","308.68","302.7","34.69","109.64","42.15","94.75","1299","63.12","98","98","62.12"
"90.56","1075.94","339.69","335.7","35.62","101.24","42.03","94.98","1200","63.12","98","97","62.12"
"86.82","1058.91","348.10","351.09","35.85","96.06","43.28","94.98","1135","63.12","97.90","97","62.12"
"85.68","1058.91","316.96","318.06","34.93","94.53","41.74","94.93","1108","63.12","97.90","97","62.02"
"83.77","1062.94","381.98","360.01","37.30","101.40","41.04","93.78","1157","63.03","97.80","97","62.02"
"90.56","1105.97","337.49","340.17","35.38","98.88","41.16","94.25","1155","63.03","97.70","97","62.12"
"89.19","1105.97","365.16","340.17","36.41","100.79","40.80","94.21","1205","63.03","97.70","97","62.12"
"94.22","1130.97","406.47","417.09","37.17","103.76","40.55","94.98","1183","62.83","97.70","97","62.12"
"107.35","1199.91","596.17","621.65","41.22","121.39","40.18","94.98","1286","63.03","97.60","97","62.22"
"122.76","1277","605.69","564.48","41.54","142.75","39.98","94.98","1358","62.83","97.60","97","62.22"
"134.74","1342.91","623.76","634.88","41.65","156.25","40.03","94.98","1450","62.83","97.50","97","62.22"
"148.7","1398.95","643.87","639.19","42.11","175.48","39.61","94.98","1531","62.73","97.40","97","62.22"
"165.33","1468.98","687.08","685.38","43.00","195.16","39.34","94.98","1623","62.53","97.30","97","62.41"
"182.19","1549.92","743.29","735.97","44.06","221.48","39.16","94.98","1728","62.53","97.30","97","62.41"
"204.17","1648.98","745.67","747","44.99","249.56","38.54","88.79","1838","62.53","97.40","97","62.51"
"190.89","1517.97","337.58","357.67","34.97","219.27","42.69","92.70","1801","62.44","97.40","97","62.51"
"142.29","1338.98","322.19","318.06","34.76","148.55","42.10","94.86","1247","62.14","97.60","97","62.51"
"93.39","1188.92","310.79","311.48","34.76","103.07","42.32","94.98","1066","62.04","97.60","97","62.41"
"78.05","1101.94","315.01","309.28","34.94","88.20","41.90","94.98","1077","61.85","97.80","97","62.22"
"82.4","1060.93","345.49","353.35","35.76","89.88","42.45","94.98","1006","61.65","97.90","98","62.22"
"73.4","1045.91","349.21","351.09","35.87","80.64","42.50","94.98","851","61.65","98","98","62.22"
"58.67","1028.98","315.01","329.09","34.89","65.38","42.87","94.98","726","61.46","98","98","62.12"
"61.04","1007.92","315.61","313.68","34.93","76.14","41.81","94.98","1055","61.21","98.10","98","62.12"
"99.95","1041.98","372.28","384.09","36.71","108.95","40.31","94.98","1344","61.21","98","97","62.22"
"124.97","1195.97","559.69","599.59","40.70","132.75","39.84","94.98","1434","61.46","98","97","62.22"
"140.46","1314.99","639.47","647.98","42.19","169.30","39.91","94.98","1602","61.46","97.90","97","62.22"
"172.35","1434.93","369.80","447.88","23.26","197.30","41.01","89.52","1702","61.65","97.80","97","62.41"
"131.99","1263.99","311.80","291.71","34.57","131.23","41.62","94.78","1206","61.46","97.70","97","62.41"
"80.57","1148.91","315.01","311.48","34.90","86.06","42.45","94.98","843","61.01","97.60","97","62.41"
"61.65","1071.91","315.01","326.92","35.07","69.43","42.99","94.98","724","60.92","97.50","97","62.22"
"57.37","1032.91","315.01","318.06","35.00","64.85","42.53","94.98","722","60.62","97.50","97","62.22"
"55.77","1015.97","315.01","315.88","34.86","62.87","42.21","94.98","828","60.52","97.50","97","62.22"
"89.65","1032.91","437.68","414.88","38.48","106.05","40.04","94.98","1408","60.52","97.60","97","62.22"
"145.88","1186.91","662.36","672.29","43.01","179.14","39.30","94.98","1858","60.62","97.70","97","62.22"
"188.83","1436.94","636.67","647.98","42.93","217.97","36.97","94.98","1884","61.01","97.70","97","62.41"
"203.48","1626.91","822.24","832.77","45.89","243.46","38.85","94.98","1849","61.36","97.70","97","62.41"
"224.69","1710.96","848.16","850.36","46.33","273.59","38.83","94.98","1967","61.46","97.60","97","62.51"
"247.35","1735.96","876.78","867.97","46.93","310.44","38.24","94.98","2183","61.65","97.50","97","62.51"
"279.7","1757.93","954.09","958.08","48.45","353.78","38.01","94.98","2436","62.04","97.50","97","62.66"
"224.69","1832.91","1006.88","986.77","49.33","275.58","39.16","94.98","1745","62.34","97.50","97","62.66"
"227.59","1823.94","949.21","962.46","48.56","277.26","38.20","94.98","1843","62.53","97.60","97","62.86"
"238.27","1816.98","929.37","938.38","48.05","292.36","38.44","94.98","1961","62.83","97.70","98","62.86"
"250.55","1823.94","921.36","911.98","47.68","310.98","38.47","94.98","2073","62.83","97.90","98","62.86"
"263.29","1832.91","923.89","938.38","47.71","329.29","38.22","94.98","2166","63.12","98.10","98","62.86"
"279.09","1836.94","956.15","964.75","48.45","350.88","38.04","94.98","2288","63.22","98.30","98","62.86"
"294.35","1851.95","997.75","997.75","49.36","374.07","38.07","94.98","2388","63.52","98.40","98","62.95"
"303.73","1862.94","752.07","740.35","44.15","373.85","38.81","79.27","2506","63.96","98.50","98","62.95"
"267.64","1827.97","958.17","960.28","48.64","313.34","38.62","94.98","1992","64.15","98.60","98","62.95"
"247.35","1855.98","935.38","927.35","48.20","303.43","38.90","94.98","1990","64.25","98.70","98","62.95"
"237.28","1793.91","599.77","562.3","40.73","280.46","39.71","73.77","2031","64.25","98.80","98","62.86"
"215.99","1667.93","478.89","498.48","38.19","231.56","41.70","93.71","1581","64.25","98.90","99","62.86"
"164.26","1498.92","446.28","439.1","38.10","184.56","40.62","92.69","1589","63.86","99","99","62.86"
"152.36","1428.97","518.06","496.27","40.27","175.55","38.03","94.98","1582","63.61","99.10","99","62.66"
"166.78","1511.92","705.38","731.66","41.65","194.55","48.94","77.94","1537","63.61","99.10","99","62.66"
"143.59","1357.93","321.36","263.09","35.00","160.14","41.66","94.20","1514","63.12","99.10","99","62.51"
"121.39","1201.92","317.88","311.48","35.14","138.17","42.25","94.98","1454","62.83","99.10","99","62.51"
"125.12","1154.95","508.77","443.51","41.41","155.95","38.24","92.00","1547","62.53","99.10","99","62.41"
"175.94","1383.93","714.28","729.37","43.40","221.18","38.54","94.98","2102","62.53","99.10","98","62.41"
"220.26","1586.91","813.05","784.41","46.43","290.53","38.32","94.98","2338","62.53","99","98","62.41"
"303.43","1622.98","1034.47","1057.17","51.19","389.56","37.31","94.67","2771","62.73","98.90","98","62.41"
"370.34","1799.95","1278.87","1290.26","55.07","455.56","36.59","94.98","2898","62.83","98.70","98","62.51"
"423.9","1919.98","1011.76","1030.69","48.70","485.69","40.11","84.65","2986","63.12","98.50","98","62.66"
"301.14","1812.95","1094.85","1105.47","51.60","374.99","38.35","94.98","2414","63.22","98.30","98","62.66"
"316.4","1913.94","1106.66","1114.25","50.51","378.73","39.24","94.98","2098","63.22","98.20","98","62.66"
"253.68","1919.98","949.87","947.1","49.44","307.09","40.24","94.98","1975","63.22","98.10","98","62.66"
"251.16","1887.94","970.40","973.58","48.80","307.70","38.79","94.98","1961","63.12","98.10","98","62.51"
"251.09","1870.91","952.07","951.47","48.55","310.06","38.46","86.95","2007","62.83","98.10","98","62.66"
"227.97","1787.96","510.29","450","36.16","292.97","50.32","87.57","1791","62.53","98.10","98","62.51"
"154.34","1438.95","323.57","282.86","34.97","174.26","41.76","94.98","1553","62.04","98.10","98","62.51"
"131.84","1235.98","322.28","322.46","35.27","151.14","42.38","94.98","1534","61.46","98.10","98","62.41"
"123.75","1167.95","335.47","318.06","35.78","142.14","42.14","94.98","1513","61.21","98.10","98","62.22"
"121.54","1146.99","347.28","344.57","36.02","137.87","42.35","94.98","1500","60.72","98.10","98","62.12"
"119.17","1135.91","349.48","353.35","36.02","134.66","42.46","94.98","1482","60.33","98.10","98","62.02"
"115.13","1124.92","349.89","348.98","36.09","131.99","42.43","94.98","1456","59.94","98.10","97","62.02"
"114.98","1118.97","349.99","348.98","36.08","128.56","42.39","94.65","1440","59.45","97.90","97","61.92"
"110.63","1111.92","349.99","355.46","36.13","125.73","42.48","94.50","1420","59.15","97.70","97","61.92"
"109.25","1107.99","349.99","346.68","36.11","121.77","42.46","94.28","1383","58.61","97.50","97","61.83"
"101.93","1101.94","349.99","353.35","36.03","115.36","42.76","94.53","1330","58.22","97.20","96","61.73"
"97.43","1092.97","349.99","337.99","35.98","109.56","41.99","94.75","1294","57.83","97","96","61.73"
"108.49","1122.91","389.47","423.76","37.03","119.86","40.99","94.98","1351","57.53","96.70","96","61.73"
"122.83","1254.93","615.89","658.96","42.19","141.76","40.02","94.98","1384","57.14","96.40","96","61.73"
"136.03","1355.91","629.68","628.16","41.96","155.87","39.97","94.98","1399","56.85","96.10","95","61.73"
"141.15","1413.96","652.47","645.87","42.37","165.25","39.86","94.98","1416","56.36","95.80","95","61.92"
"148.78","1455.98","669.85","676.6","42.67","172.35","39.67","94.98","1414","56.01","95.60","95","61.92"
"152.9","1490.96","692.14","694.16","43.05","178.23","39.47","94.98","1435","55.62","95.40","95","62.02"
"158.54","1515.95","707.08","698.57","43.38","182.73","39.55","94.98","1441","55.33","95.20","94","62.02"
"161.06","1535.91","715.77","709.6","43.45","187.53","39.58","94.98","1462","55.03","95","94","61.92"
"166.93","1528.95","741.36","709.6","44.28","216.14","39.01","94.98","1768","54.74","95","94","61.92"
"210.96","1628.93","817.87","837.18","45.94","258.95","38.96","94.98","1878","54.54","94.90","94","61.92"
"226.37","1729.91","864.60","867.97","47.00","276.95","38.60","94.98","1897","54.54","94.80","94","61.92"
"234.99","1774.96","887.58","881.07","47.16","287.56","38.74","94.98","1920","54.44","94.70","94","61.92"
"235.83","1791.99","629.26","626.1","40.34","277.87","41.29","69.43","1910","54.35","94.60","94","61.92"
"178","1622.98","493.06","434.65","39.17","198.67","39.65","94.98","1581","54.05","94.50","94","61.92"
"167.54","1549.92","518.15","529.18","39.39","188.07","40.40","94.47","1542","53.95","94.40","94","61.92"
"161.14","1502.95","502.01","509.37","39.31","181.35","40.28","94.98","1534","53.76","94.30","94","61.73"
"156.18","1464.96","504.87","507.26","39.54","177.23","40.05","94.98","1534","53.66","94.30","94","61.73"
"156.63","1462.94","529.46","542.46","40.02","177.39","40.06","94.98","1534","53.31","94.30","94","61.73"
"157.85","1466.97","517.05","518.29","39.76","178.99","40.34","94.98","1539","53.22","94.30","94","61.73"
"158.77","1466.97","516.87","522.69","39.67","178.76","40.30","94.98","1542","53.02","94.30","94","61.63"
"157.09","1464.96","514.78","516.09","39.76","179.06","40.05","94.98","1545","52.92","94.30","94","61.73"
"158.24","1462.94","515.38","520.4","39.62","179.37","40.04","94.98","1549","52.73","94.20","94","61.73"
"159.38","1462.94","515.86","516.09","39.60","180.44","40.09","94.98","1550","52.43","94.10","94","61.63"
"157.24","1453.97","503.48","500.68","39.23","179.29","40.39","94.98","1551","52.24","94","93","61.63"
"155.64","1445.91","494.58","491.9","39.13","175.78","40.48","94.98","1555","52.14","93.90","93","61.63"
"154.27","1438.95","492.79","498.48","37.44","175.33","47.45","77.25","1489","51.84","93.80","93","61.63"
"135.96","1277","321.50","282.86","35.16","153.43","42.21","94.39","1497","51.55","93.70","93","61.53"
"122.68","1186.91","318.29","322.46","35.12","140.69","42.52","94.98","1472","51.35","93.60","93","61.53"
"120.77","1165.94","328.17","331.29","35.65","136.57","41.14","94.88","1489","51.06","93.50","93","61.33"
"130.46","1212.91","427.29","450","37.76","146.03","41.04","94.33","1484","51.06","93.40","93","61.33"
"130.39","1261.98","455.27","432.48","38.41","148.70","40.93","92.29","1468","50.81","93.30","93","61.33"
"133.97","1290","511.98","498.48","39.55","154.34","40.30","94.98","1455","50.62","93.10","92","61.24"
"138.48","1353.99","503.48","511.66","39.39","158.39","40.42","94.98","1464","50.32","92.90","92","61.33"
"140.54","1374.96","469.07","474.26","38.53","156.86","40.59","94.93","1477","50.13","92.70","92","61.33"
"156.33","1417.99","637.36","698.57","41.32","176.39","46.25","82.54","1459","49.93","92.60","92","61.33"
"149.16","1428.97","453.80","439.1","37.87","169.37","41.46","88.61","1500","49.73","92.40","92","61.33"
"138.86","1338.98","361.48","340.17","35.95","156.48","41.05","90.23","1495","49.44","92.20","92","61.33"
"138.63","1290","565.99","562.3","40.92","161.75","39.61","94.98","1502","49.34","92.10","91","61.24"
"145.95","1374.96","478.80","483.09","38.74","160.98","40.64","94.24","1500","49.24","92","91","61.24"
"146.26","1387.96","644.01","621.65","42.41","172.58","39.44","94.98","1505","49.05","91.80","91","61.24"
"150.84","1464.96","478.57","476.37","38.60","168.69","40.92","92.78","1493","48.95","91.70","91","61.24"
"145.88","1398.95","461.58","445.68","38.24","163.20","40.64","93.76","1483","48.75","91.50","91","61.24"
"160.14","1430.99","697.47","711.89","42.06","180.59","42.97","89.08","1483","48.75","91.40","91","61.24"
"152.67","1445.91","461.30","441.3","38.11","171.05","40.88","91.86","1521","48.56","91.30","91","61.24"
"146.87","1385.94","436.26","430.27","37.59","164.87","41.01","90.86","1497","48.41","91.20","91","61.24"
"148.16","1346.94","662.77","634.88","42.36","174.87","39.14","94.98","1523","48.21","91.20","91","61.24"
"149.39","1410.94","478.07","447.88","38.70","167.24","40.54","93.53","1514","48.21","91","90","61.24"
"145.19","1376.97","528.68","483.09","41.01","169.68","38.58","94.98","1532","48.02","91","90","61.24"
"148.93","1417.99","483.36","458.87","38.82","165.48","40.50","94.98","1503","47.92","90.90","90","61.14"
"160.68","1462.94","546.09","641.49","39.49","174.18","41.17","94.58","1479","47.92","90.80","90","61.14"
"153.28","1443.99","557.67","505.06","41.19","175.33","38.62","94.98","1528","47.72","90.70","90","61.14"
"158.16","1502.95","522.69","535.79","39.07","179.29","41.06","92.97","1497","47.72","90.60","90","61.14"
"153.12","1451.95","488.78","461.07","38.91","172.88","40.24","94.98","1515","47.53","90.50","90","61.14"
"163.04","1460.93","667.91","707.4","41.32","183.18","41.16","94.69","1494","47.53","90.40","90","61.14"
"156.79","1466.97","546.18","494.07","41.35","179.29","37.30","94.98","1568","47.43","90.40","90","61.14"
"160.07","1517.97","495.08","496.27","38.64","180.36","41.13","89.79","1523","47.33","90.30","90","61.14"
"152.59","1404.99","413.10","384.09","37.09","169.37","40.69","90.71","1524","47.14","90.20","90","61.14"
"146.87","1368.92","436.26","452.29","37.66","164.26","40.89","89.58","1501","47.04","90.10","90","61.04"
"142.67","1336.96","420.48","423.76","37.29","160.45","40.92","87.94","1502","46.94","90.10","90","61.04"
"140.15","1312.98","416.58","419.38","37.24","156.86","41.09","86.63","1500","46.94","90.10","89","61.04"
"138.25","1299.98","417.87","419.38","37.20","155.64","40.87","85.57","1486","46.84","90","89","61.04"
"139.09","1295.95","414.38","417.09","37.21","153.43","40.94","84.78","1485","46.74","89.90","89","61.04"
"135.96","1290","415.30","414.88","37.13","152.06","40.95","83.99","1476","46.65","89.80","89","61.04"
"134.13","1282.95","407.80","410.48","37.04","149.77","41.09","82.81","1465","46.55","89.70","89","60.84"
"133.29","1277","402.80","405.96","36.86","148.55","41.29","82.28","1463","46.45","89.60","89","60.84"
"129.93","1272.97","410.57","401.7","37.40","147.63","40.09","87.84","1472","46.35","89.50","89","61.04"
"132.07","1304.92","445.77","463.27","37.83","151.06","40.96","82.72","1449","46.25","89.30","89","60.84"
"133.67","1293.93","425.59","423.76","37.57","150.07","41.04","82.93","1452","46.16","89.20","89","60.84"
"141.83","1323.96","635.25","643.6","42.21","163.96","39.15","94.98","1466","46.06","89.10","89","60.84"
"146.26","1425.95","468.60","469.76","38.24","161.59","41.12","81.62","1457","46.06","89","88","60.84"
"141.15","1346.94","420.80","403.9","37.09","157.40","41.05","84.37","1461","45.81","88.90","88","60.84"
"136.64","1308.95","420.48","419.38","37.17","152.67","40.94","83.86","1455","45.61","88.80","88","60.75"
"148.16","1336.96","649.58","656.85","42.59","165.33","39.39","94.98","1465","45.61","88.70","88","60.75"
"150.76","1434.93","593.79","549.07","42.32","174.49","38.70","94.98","1513","45.61","88.60","88","60.75"
"152.67","1472.92","522.88","496.27","39.20","174.87","40.41","91.82","1485","45.61","88.50","88","60.75"
"153.66","1436.94","513.09","496.27","39.62","172.43","40.01","94.98","1489","45.42","88.50","88","60.84"
"160.52","1460.93","656.35","678.8","42.38","181.96","39.75","94.98","1504","45.32","88.40","88","60.84"
"160.75","1500.94","527.10","531.48","39.34","180.29","40.41","94.98","1505","45.32","88.30","88","60.75"
"156.86","1470.91","521.96","509.37","39.49","178.38","39.01","94.98","1517","45.22","88.20","88","60.75"
"171.74","1528.95","758.40","779.96","44.51","196.38","39.31","94.98","1552","45.22","88.20","88","60.75"
"167.77","1558.98","475.08","443.51","38.08","185.55","40.73","90.99","1545","45.12","88.20","88","60.75"
"156.63","1438.95","395.81","397.27","36.43","167.77","41.06","91.46","1525","44.93","88.20","88","60.75"
"142.75","1334.95","394.80","390.67","36.58","159.69","41.05","90.96","1513","44.83","88.10","88","60.75"
"142.82","1304.92","460.66","450","38.37","159.53","40.50","91.25","1503","44.73","88","88","60.75"
"142.67","1327.99","413.69","428.07","36.87","157.24","41.01","88.36","1497","44.73","88","88","60.75"
"137.03","1297.96","405.09","408.4","36.84","154.34","41.15","87.10","1491","44.63","87.90","87","60.65"
"132.52","1280.93","382.21","373.1","36.22","150.45","41.26","86.19","1484","44.63","87.90","87","60.65"
"130.46","1246.97","351.32","344.57","35.60","147.86","41.49","84.58","1465","44.44","87.80","87","60.65"
"128.48","1220.96","431.01","412.68","37.60","147.78","40.89","85.46","1464","44.34","87.60","87","60.55"
"126.88","1242.94","363.79","364.38","35.80","144.20","41.46","83.83","1454","44.34","87.60","87","60.45"
"129.55","1237.99","413.19","421.49","37.07","145.27","40.95","83.48","1440","44.24","87.50","87","60.45"
"129.78","1257.95","404.86","408.4","36.93","144.43","41.22","82.76","1437","44.14","87.30","87","60.45"
"127.95","1261.98","406.70","410.48","36.83","144.88","41.28","82.55","1434","44.05","87.20","87","60.45"
"128.48","1263.99","406.88","405.96","36.86","144.35","41.16","81.81","1433","43.95","87.10","86","60.45"
"130.85","1280.93","470.77","474.26","38.47","145.95","40.71","84.24","1428","43.85","87","86","60.45"
"131.69","1293.93","395.81","412.68","36.50","144.35","41.09","81.09","1420","43.85","86.90","86","60.45"
"130.46","1272.97","443.37","436.85","37.74","146.56","40.85","83.54","1421","43.75","86.70","86","60.45"
"132.98","1297.96","476.87","483.09","38.43","148.78","40.59","84.53","1415","43.65","86.60","86","60.45"
"144.35","1336.96","547.19","619.47","39.06","156.63","40.86","85.93","1409","43.65","86.50","86","60.45"
"138.48","1357.93","485.56","465.38","38.64","156.63","40.31","88.90","1435","43.65","86.40","86","60.35"
"150.45","1389.97","673.16","678.8","42.50","169.83","40.37","94.98","1446","43.56","86.40","86","60.45"
"151.45","1434.93","545.76","538.08","39.76","169.15","40.52","93.08","1449","43.46","86.30","86","60.45"
"149.08","1430.99","521.36","513.91","39.38","167.39","40.41","94.24","1465","43.46","86.20","86","60.35"
"148.39","1417.99","498.80","500.68","38.84","167.16","40.42","93.38","1466","43.36","86.20","86","60.35"
"147.86","1402.97","528.95","505.06","39.98","165.87","39.87","94.98","1468","43.36","86","85","60.35"
"158.39","1432.91","675.27","687.58","42.74","179.83","38.86","94.98","1496","43.36","86","85","60.35"
"167.39","1522.91","610.57","641.49","40.55","184.48","40.36","94.98","1486","43.46","85.90","85","60.35"
"162.66","1500.94","508.08","491.9","38.87","179.98","40.37","94.98","1501","43.36","85.90","85","60.35"
"155.87","1451.95","503.71","498.48","38.81","175.48","40.55","94.98","1496","43.21","85.90","85","60.35"
"164.95","1447.93","692.79","702.97","42.97","185.78","38.99","94.98","1522","43.21","85.90","85","60.35"
"160.83","1494.99","508.27","478.8","38.90","181.05","40.45","94.92","1510","43.21","85.90","85","60.35"
"157.85","1449.94","502.51","489.69","38.85","177.39","40.28","94.98","1507","43.21","85.90","85","60.35"
"155.79","1438.95","619.70","560.1","42.66","182.27","39.37","94.98","1536","43.11","85.90","85","60.26"
"177.84","1537.92","767.78","795.39","44.35","203.78","40.01","94.98","1577","43.21","85.80","85","60.26"
"178.07","1562.92","522.46","509.37","39.34","196.84","40.16","94.82","1568","43.21","85.80","85","60.35"
"168.08","1509.91","497.97","480.88","38.71","187.84","40.17","94.40","1565","43.11","85.70","85","60.26"
"160.98","1466.97","493.06","491.9","38.58","180.44","40.57","94.37","1546","43.02","85.70","85","60.26"
"157.17","1443.99","487.26","491.9","38.54","175.10","40.47","94.14","1536","43.02","85.60","85","60.26"
"154.73","1421.93","490.38","491.9","39.23","174.49","39.89","94.98","1546","43.02","85.60","85","60.26"
"161.44","1485.92","511.20","535.79","39.02","181.66","40.74","94.69","1528","43.02","85.60","85","60.26"
"159.38","1449.94","489.10","474.26","38.67","177.16","40.18","94.58","1548","43.02","85.60","85","60.26"
"154.73","1415.97","466.58","467.68","38.05","172.58","40.68","92.69","1537","43.02","85.60","85","60.16"
"151.45","1381.92","452.56","450","37.71","169.68","40.70","91.51","1529","42.92","85.50","85","60.16"
"150","1355.91","447.98","447.88","37.71","167.47","40.80","90.50","1520","42.82","85.40","85","60.16"
"147.55","1344.93","443.87","443.51","37.73","165.18","40.77","89.23","1526","42.72","85.30","85","60.16"
"143.97","1342.91","490.89","487.49","38.76","164.87","40.43","91.33","1522","42.72","85.30","85","59.91"
"147.17","1370.93","460.48","465.38","38.05","166.09","40.44","90.26","1517","42.72","85.20","85","60.16"
"151.83","1368.92","581.38","524.8","41.66","173.88","38.55","94.98","1550","42.62","85.10","85","59.91"
"157.17","1451.95","492.97","487.49","38.44","173.88","40.83","93.28","1521","42.72","85","84","59.91"
"162.58","1421.93","676.69","665.57","42.90","185.55","39.08","94.98","1547","42.62","84.90","84","59.91"
"161.75","1477.96","499.07","476.37","38.82","183.18","40.18","94.98","1547","42.62","84.80","84","59.91"
"166.48","1468.98","497.88","542.46","38.60","183.64","40.49","91.62","1533","42.53","84.70","84","59.91"
"157.55","1438.95","486.07","472.06","38.56","176.24","40.38","94.05","1553","42.43","84.60","84","59.91"
"165.64","1425.95","688.00","683.18","42.90","193.48","38.91","94.98","1582","42.43","84.60","84","59.91"
"186.54","1582.97","533.50","614.98","38.76","200.96","40.82","90.49","1584","42.62","84.50","84","59.91"
"171.36","1511.92","497.10","467.68","38.50","190.43","40.19","91.56","1594","42.53","84.40","84","59.91"
"165.64","1470.91","507.49","502.88","38.96","187.76","40.12","92.57","1577","42.43","84.40","84","59.91"
"167.85","1462.94","521.87","513.91","39.63","186.69","39.04","94.98","1582","42.43","84.30","84","59.81"
"180.36","1517.97","691.96","729.37","42.47","202.56","39.92","94.98","1585","42.43","84.30","84","59.81"
"181.89","1554.95","579.09","564.48","40.24","205.39","39.88","94.98","1601","42.43","84.20","84","59.81"
"182.19","1551.93","559.18","555.69","39.91","203.25","39.81","94.98","1612","42.43","84.10","84","59.81"
"179.45","1541.95","539.98","542.46","39.71","201.19","40.17","93.26","1603","42.43","84","84","59.81"
"176.17","1530.97","528.17","533.68","39.42","198.37","39.84","94.87","1617","42.43","84","84","59.81"
"177.54","1522.91","529.46","529.18","39.30","199.28","40.02","94.92","1615","42.43","84","83","59.72"
"176.78","1511.92","513.77","516.09","39.32","197.99","40.03","94.43","1622","42.43","84","83","59.72"
"186.54","1519.98","765.16","764.66","44.89","214.85","38.67","94.98","1664","42.43","83.90","83","59.72"
"232.24","1607.96","884.19","896.46","47.06","285.19","38.76","94.98","2081","42.53","83.80","83","59.72"
"251.39","1699.97","701.00","744.76","41.43","278.48","40.31","88.71","1786","42.82","83.70","83","59.72"
"205.08","1665.92","526.18","491.9","39.02","231.17","39.91","94.98","1722","42.82","83.70","83","59.72"
"194.93","1603.93","541.96","540.17","39.51","217.75","39.96","94.98","1685","42.82","83.60","83","59.72"
"187.99","1577.93","515.29","516.09","38.85","209.28","40.04","94.98","1676","42.82","83.50","83","59.72"
"179.67","1496.91","483.68","469.76","38.90","198.98","39.75","94.98","1695","42.82","83.40","83","59.72"
"189.59","1524.92","658.36","689.88","41.84","215.46","40.43","94.98","1666","42.82","83.40","83","59.72"
"184.48","1541.95","520.77","491.9","39.54","207.98","39.20","94.98","1697","42.92","83.40","83","59.72"
"201.88","1609.98","796.59","817.27","45.51","247.58","37.89","94.98","1997","43.02","83.40","83","59.62"
"256.27","1656.94","905.97","907.58","47.22","305.26","38.18","94.98","2154","43.21","83.40","83","59.62"
"272.14","1755.91","843.37","911.98","41.25","306.32","51.63","59.93","1774","43.46","83.40","83","59.62"
"186.24","1513.94","331.16","322.46","34.55","209.35","41.79","93.87","1691","43.36","83.20","83","59.62"
"157.93","1265.92","330.47","320.4","35.37","177.84","40.49","94.98","1697","43.02","83.20","83","59.52"
"169.68","1363.97","713.41","762.37","43.59","203.48","39.15","94.98","1743","43.21","83.10","83","59.52"
"179.67","1549.92","379.50","461.07","22.96","212.25","41.27","89.61","1645","43.36","83.10","83","59.52"
"159.38","1284.96","329.69","291.71","34.88","177.39","41.77","94.98","1654","43.02","83.10","83","59.52"
"145.04","1180.96","328.26","331.29","34.97","161.67","42.19","94.98","1632","42.82","83.10","82","59.42"
"136.34","1143.97","340.99","340.17","35.29","153.12","42.03","94.98","1596","42.72","83","82","59.32"
"131.53","1128.95","348.29","348.98","35.48","148.93","42.35","94.98","1570","42.62","82.90","82","59.32"
"128.63","1130.97","349.71","353.35","35.42","145.72","42.42","94.98","1542","42.62","82.90","82","59.32"
"126.73","1126.94","349.99","351.09","35.55","142.29","42.39","94.77","1515","42.43","82.80","82","59.32"
"125.05","1120.99","349.99","351.09","35.54","140.54","42.33","94.49","1504","42.43","82.60","82","59.23"
"122.22","1118.97","349.99","348.98","35.53","137.79","42.31","94.31","1482","42.23","82.50","82","59.23"
"120.55","1113.94","349.99","353.35","35.41","134.74","42.39","94.15","1460","42.13","82.30","82","59.13"
"118.87","1111.92","349.99","351.09","35.44","132.30","42.50","94.05","1449","41.94","82.10","81","59.13"
"117.34","1109.91","349.99","346.68","35.33","130.69","42.64","93.99","1437","41.84","81.90","81","59.13"
"114.82","1105.97","349.99","344.57","35.39","129.40","42.53","93.95","1426","41.64","81.70","81","59.13"
"113.53","1101.94","314.60","304.96","34.49","126.57","42.73","93.89","1404","41.64","81.60","81","59.13"
"111.39","1098.92","313.27","313.68","34.50","124.28","42.66","93.95","1388","41.45","81.40","81","59.13"
"110.17","1096.91","312.49","313.68","34.50","122.22","42.80","94.09","1371","41.35","81.20","81","59.13"
"107.04","1092.97","311.80","311.48","34.51","120.39","42.79","94.14","1358","41.25","81.10","80","59.13"
"105.29","1088.94","311.07","298.29","34.37","118.79","42.04","94.19","1351","41.15","80.90","80","58.93"
"106.74","1086.93","310.88","309.28","34.40","118.49","42.19","94.22","1345","41.05","80.70","80","58.93"
"105.97","1084.91","310.79","309.28","34.48","118.49","42.10","94.19","1344","40.96","80.60","80","58.93"
"103","1084.91","308.68","307.08","34.41","114.06","42.03","94.58","1296","40.96","80.40","80","58.93"
"99.49","1079.97","306.48","302.7","34.34","109.64","42","94.89","1258","40.71","80.20","80","58.83"
"94.15","1075.94","307.76","313.68","34.32","102.85","42","94.98","1151","40.71","80.10","79","58.83"
"97.73","1054.98","309.60","302.7","34.30","112.46","41.99","94.47","1296","40.51","80","79","58.83"
"96.36","1073.93","312.08","307.08","34.61","106.28","40.83","94.67","1304","40.51","79.90","79","58.83"
"112.46","1071.91","316.39","333.5","34.57","127.03","42.59","93.52","1432","40.42","79.80","79","58.83"
"110.55","1084.91","312.67","318.06","34.42","121.39","39.44","94.06","1345","40.42","79.70","79","58.83"
"97.05","1088.94","654.40","672.29","42.12","106.36","41.86","94.98","1187","40.32","79.50","79","58.83"
"100.86","1073.93","335.01","342.28","34.88","124.06","41.39","94.04","1460","40.32","79.40","79","58.83"
"157.17","1109.91","341.36","322.46","35.12","173.72","42.52","94.58","1772","40.22","79.30","79","58.83"
"181.96","1173.91","457.36","498.48","38.14","219.35","40.23","50.87","2436","40.32","79.20","79","58.83"
"226.6","1182.97","360.60","337.99","35.34","244.37","42.57","51.08","2266","40.42","79.10","79","58.83"
"187.84","1195.97","345.08","333.5","35.08","201.50","42.26","94.98","1911","40.61","79","78","58.83"
"152.9","1173.91","331.66","326.92","34.70","168.15","42.35","94.98","1631","40.71","78.90","78","58.83"
"134.74","1156.97","380.60","403.9","35.73","161.67","41.51","94.98","1595","40.96","78.90","78","58.83"
"176.17","1222.98","685.56","709.6","43.20","197.76","38.92","94.98","1938","41.15","79","79","58.83"
"235.37","1455.98","843.85","841.58","46.41","305.94","37.51","94.98","2742","41.64","79","79","58.93"
"413.06","1464.96","1307.86","1336.45","54.47","496.53","35.89","82.76","3854","42.43","79.10","79","58.93"
"643.78","1962.92","1385.67","1426.56","44.40","759.90","43.71","25.59","4103","44.05","79.20","79","59.13"
"697.49","2043.94","1599.95","1655.24","56.32","828.95","34.94","34.76","4852","46.06","79.40","79","59.13"
"795.22","2205.99","1239.97","1184.66","56.82","860.99","32.84","43.31","4778","48.66","79.60","79","59.13"
"841.38","2338.93","1325.88","1268.25","57.60","918.59","37.76","35.31","4792","51.75","79.90","80","59.23"
"833.37","2347.9","1485.38","1485.98","56.38","898.37","52.29","9.99","3363","55.42","80.30","80","59.32"
"149.84","1622.98","863.46","819.56","45.54","131.69","51.54","81.61","826","56.55","80.70","81","59.32"
"214.85","1586.91","809.88","771.27","45.81","263.98","38.32","94.98","2120","56.65","81.20","82","59.32"
"279.09","1776.97","971.59","980.1","47.68","335.93","37.15","94.98","2337","57.34","81.90","82","59.32"
"370.87","1774.96","1273.48","1288","54.35","472.34","36.56","86.96","3245","58.22","82.40","83","59.32"
"559.55","1951.93","1537.05","1560.76","60.83","656.82","35.30","9.99","3913","59.84","83","83","59.32"
"374.99","2005.95","1428.90","1439.79","57.16","410.54","52.59","28.68","2397","62.14","83.40","84","59.42"
"268.63","1434.93","362.58","326.92","35.89","296.63","42.47","51.30","2301","62.34","83.90","84","59.42"
"205.08","1368.92","344.80","340.17","35.61","218.28","42.14","94.98","1892","62.53","84.40","85","59.32"
"156.18","1265.92","328.77","326.92","34.99","167.24","42.39","94.98","1606","62.53","84.80","85","59.32"
"131.23","1201.92","320.26","324.71","34.84","143.74","42.59","94.98","1474","62.53","85.20","85","59.32"
"109.86","1171.98","309.46","318.06","34.56","118.79","42.62","94.97","1256","62.53","85.60","86","59.23"
"91.55","1130.97","312.49","313.68","34.70","96.36","42.21","94.98","998","62.44","85.90","86","59.13"
"64.09","1075.94","350.08","346.68","36.11","89.65","40.62","94.79","1210","62.34","86.10","86","59.13"
"130.39","1150.93","585.99","614.98","41.56","157.63","38.80","94.98","1735","62.34","86.30","86","59.13"
"178.23","1410.94","722.60","733.77","43.80","205.16","38.74","94.98","1706","62.73","86.40","86","59.23"
"200.05","1592.95","757.07","793.19","39.02","226.75","51.52","74.48","1526","63.12","86.50","86","59.23"
"150.38","1370.93","321.09","307.08","34.48","164.34","42.19","93.83","1536","63.03","86.60","86","59.32"
"133.75","1248.98","318.79","322.46","34.49","145.49","42.73","94.59","1439","63.12","86.70","86","59.32"
"114.75","1184.98","404.50","357.67","38.15","155.79","36.78","89.88","1542","63.12","86.80","86","59.32"
"159.23","1404.99","686.67","694.16","43.08","191.42","39.28","94.98","1663","63.52","87","87","59.32"
"198.75","1558.98","805.37","784.41","45.71","278.10","36.51","94.98","2686","63.96","87.10","87","59.32"
"409.63","1485.92","1277.67","1296.87","54.93","483.94","36.78","76.04","3839","64.64","87.20","87","59.42"
"615.24","1998.99","1590.99","1591.58","61.91","750.44","57.00","9.99","3869","66.46","87.40","87","59.52"
"403.83","1968.96","1469.76","1477.17","59.41","475.62","36.78","89.87","2937","67.83","87.50","87","59.62"
"505.76","2052.92","1486.67","1485.98","59.86","579.08","36.36","9.99","3316","68.81","87.60","87","59.62"
"657.59","2413.91","1589.06","1598.16","62.52","767.38","34.74","9.99","3821","70.23","87.90","88","59.72"
"861.52","2791.94","1608.05","1628.96","62.99","959.49","34.14","9.99","3787","72.83","88.10","88","59.72"
"537.04","2535.95","1580.37","1576.15","62.32","589.07","35.14","14.07","2924","74.65","88.40","88","59.81"
"445.56","2024.99","433.58","520.4","25.57","438.77","41.54","48.05","2859","74.94","88.80","89","59.91"
"266.35","1314.99","375.05","360.01","36.50","294.19","42.07","52.06","2587","74.45","89.20","89","59.81"
"243.69","1317.92","364.57","370.9","36.96","282.29","40.38","51.64","2444","74.26","89.50","90","59.72"
"241.63","1436.94","829.59","903.18","47.06","299.38","38.14","94.98","2501","74.26","89.90","90","59.62"
"279.77","1706.93","818.19","821.65","45.37","348.97","39.57","72.88","2515","74.26","90.20","90","59.62"
"296.56","1712.98","603.58","573.29","40.86","359.35","40.01","49.71","2541","74.26","90.40","90","59.72"
"281.83","1605.95","742.19","674.4","46.46","328.68","36.72","94.98","2601","73.91","90.60","90","59.72"
"320.74","1759.94","1092.47","1116.55","51.41","397.50","37.65","91.01","2685","73.91","90.80","90","59.72"
"337.53","1823.94","650.00","643.6","41.37","400.24","39.97","48.88","2772","73.91","90.80","90","59.72"
"303.96","1575.92","767.28","700.91","45.39","356.45","36.01","93.36","2831","73.72","90.90","91","59.72"
"349.05","1701.99","1196.65","1226.47","52.90","427.18","37.04","94.55","2946","73.91","91","91","59.72"
"419.47","1900.94","1369.06","1391.36","56.43","499.35","36.72","94.48","3091","74.01","91.10","91","59.72"
"495.15","2026.91","1462.68","1472.79","59.68","568.47","43.54","9.99","3314","74.26","91.20","91","59.81"
"279.77","1746.94","545.67","617.18","24.48","337.53","40.24","49.46","2417","73.72","91.20","91","59.81"
"266.96","1599.91","938.15","995.48","48.80","337.99","38.20","94.98","2488","73.23","91.40","91","59.72"
"315.17","1838.95","1094.58","1087.86","51.60","399.33","37.68","94.60","2556","73.03","91.50","91","59.72"
"312.35","1864.95","608.40","676.6","38.29","386.28","51.02","43.61","2530","72.74","91.70","91","59.72"
"261.77","1393.91","367.37","329.09","35.72","305.49","41.45","50.78","2527","71.85","91.80","91","59.72"
"246.28","1329.91","364.57","377.48","35.82","287.10","42.13","51.56","2494","71.12","91.90","92","59.62"
"253.83","1507.99","902.19","949.36","47.83","320.13","38.62","94.78","2519","70.72","92","92","59.52"
"297.55","1720.94","1016.86","1017.5","49.85","378.27","37.95","94.98","2585","70.43","92","92","59.52"
"341.65","1849.94","1178.86","1184.66","52.47","420.46","37.59","94.59","2657","70.04","91.90","91","59.52"
"375.07","1949.92","1269.07","1277.06","54.49","457.24","37.69","94.66","2736","69.65","91.90","91","59.62"
"335.85","2007.96","1153.58","1092.28","52.50","368.43","38.26","86.56","2153","69.55","91.80","91","59.62"
"241.55","1654.93","349.89","311.48","35.19","275.58","42.05","78.50","2086","68.62","91.70","91","59.62"
"211.34","1447.93","346.87","344.57","35.37","234.15","42.36","92.73","2014","68.13","91.80","91","59.52"
"188.98","1344.93","342.78","348.98","36.08","211.49","36.80","94.98","1933","67.54","91.80","91","59.52"
"176.24","1282.95","662.59","696.46","42.82","198.82","42.32","94.98","1892","67.05","91.90","92","59.32"
"164.49","1235.98","693.57","700.91","43.07","183.87","42.58","94.98","1787","66.46","91.90","91","59.32"
"149.54","1199.91","698.80","694.16","43.08","169.76","41.81","94.98","1684","65.92","91.90","91","59.32"
"137.48","1186.91","699.76","702.97","42.96","152.74","42.01","94.98","1553","65.33","91.80","91","59.23"
"120.09","1169.97","699.99","709.6","42.80","134.05","42.58","94.92","1402","64.94","91.70","91","59.13"
"104.37","1143.97","699.99","687.58","42.73","116.58","41.89","94.92","1293","64.55","91.60","91","59.13"
"96.74","1118.97","699.99","692.05","42.87","110.25","41.81","94.93","1269","64.15","91.50","91","59.13"
"93.16","1105.97","699.99","707.4","42.99","103.99","41.76","94.98","1191","63.86","91.40","91","59.13"
"88.88","1088.94","699.99","705.29","42.89","100.25","42.09","94.98","1157","63.42","91.30","91","59.13"
"87.28","1075.94","419.98","621.65","34.18","98.27","50.90","94.98","1252","63.12","91.20","91","59.13"
"104.07","1184.98","602.29","573.29","41.07","127.79","39.66","94.98","1401","63.12","91.10","90","59.13"
"164.64","1344.93","661.07","676.6","41.95","193.18","39.44","94.98","1699","63.03","91","90","59.13"
"181.66","1515.95","747.19","742.55","44.11","218.66","38.37","94.98","1913","63.12","91","90","59.23"
"257.27","1605.95","840.57","850.36","46.53","318.00","37.13","94.98","2340","63.12","90.90","90","59.23"
"281.83","1729.91","956.38","953.77","48.30","354.54","37.85","94.98","2429","63.22","90.80","90","59.32"
"315.17","1806.91","1068.25","1065.89","50.98","396.35","37.23","94.98","2569","63.42","90.80","90","59.32"
"362.86","1898.92","1246.14","1259.47","53.60","446.10","36.97","94.39","2723","63.61","90.80","90","59.42"
"411.54","1962.92","1335.70","1354.09","55.63","487.68","36.84","94.98","2887","64.25","90.90","91","59.32"
"456.63","2020.96","1408.97","1422.15","57.72","531.55","36.08","9.99","3072","64.94","91","91","59.42"
"530.33","2139.98","1508.68","1523.38","60.60","604.18","35.61","9.99","3251","65.62","91.20","91","59.52"
"648.43","2492.92","1600.28","1609.15","63.01","752.50","34.75","9.99","3482","66.75","91.40","91","59.52"
"799.5","2847.97","1620.87","1600.28","63.30","899.06","33.36","9.99","3725","68.52","91.70","92","59.52"
"875.87","2928.9","1622.06","1626.79","63.69","943.24","33.72","9.99","3974","70.72","92","92","59.62"
"699.09","2639.96","1616.49","1587.18","64.08","704.05","35.96","49.87","2971","73.32","92.30","92","59.72"
"386.59","1648.98","390.30","360.01","37.23","397.65","41.86","50.41","3023","73.23","92.70","93","59.72"
"292.67","1368.92","385.51","397.27","36.82","332.49","42.43","51.81","2848","73.23","93.10","93","59.62"
"265.35","1329.91","379.68","384.09","36.67","308.23","42.59","51.57","2730","73.03","93.50","94","59.52"
"252.23","1295.95","376.56","364.38","36.51","296.02","42.13","51.41","2685","72.64","93.80","94","59.42"
"248.95","1272.97","373.79","370.9","36.29","287.94","42.06","51.34","2641","72.34","94","94","59.32"
"244.75","1302.9","856.94","839.38","47.55","296.63","38.03","80.66","2651","71.95","94.10","94","59.32"
"293.66","1624.99","1015.07","1024.17","49.29","363.39","53.91","39.20","2678","71.85","94.10","94","59.32"
"308.38","1669.94","1060.98","1070.27","50.49","393.22","39.18","87.17","2751","71.66","94","93","59.32"
"295.26","1795.92","1012.45","962.46","49.85","331.73","38.33","66.06","2118","71.85","94","93","59.42"
"251.85","1725.98","559.59","441.3","41.45","281.53","35.66","94.98","2151","71.12","93.90","93","59.42"
"257.27","1748.96","902.95","925.17","47.11","315.86","38.89","94.98","2165","70.72","93.80","93","59.52"
"267.49","1799.95","933.17","934","47.75","329.67","38.45","94.98","2195","70.43","93.80","93","59.52"
"276.49","1821.92","953.95","958.08","48.04","340.05","38.77","94.98","2242","70.23","93.90","93","59.42"
"285.88","1851.95","981.70","986.77","48.91","352.48","38.13","94.98","2274","69.94","93.90","93","59.52"
"268.63","1819.91","572.00","542.46","39.97","318.23","39.57","51.74","2293","69.55","93.90","94","59.52"
"251.16","1599.91","449.26","467.68","37.05","294.27","43.87","45.73","2251","69.06","94","94","59.52"
"216.83","1344.93","357.67","329.09","35.59","245.44","41.79","50.73","2257","68.52","94.10","94","59.42"
"200.43","1280.93","353.86","366.5","35.61","226.37","42.45","70.71","2133","68.13","94.10","94","59.42"
"180.36","1237.99","344.89","342.28","35.39","199.36","36.44","94.98","1944","67.54","94.10","94","59.32"
"159.84","1214.92","660.89","700.91","42.64","181.43","42.34","94.98","1786","67.05","94","93","59.32"
"144.58","1195.97","692.88","694.16","43.00","164.57","41.88","94.98","1649","66.46","93.90","93","59.23"
"133.06","1188.92","698.66","705.29","42.96","150.00","42.10","94.98","1541","65.92","93.70","93","59.23"
"124.36","1169.97","699.76","709.6","43.01","141.30","42.44","94.98","1499","65.43","93.60","93","59.13"
"120.7","1152.94","539.98","663.37","35.07","138.55","50.93","94.98","1550","64.94","93.40","93","59.13"
"135.19","1259.97","489.19","472.06","38.60","156.10","40.03","94.98","1570","64.55","93.30","93","59.13"
"156.18","1381.92","670.18","685.38","42.56","185.63","39.18","94.98","1618","64.25","93.20","92","59.13"
"176.55","1515.95","582.39","601.88","40.26","203.17","39.89","94.31","1642","63.86","93","92","59.23"
"171.13","1515.95","514.88","489.69","38.98","199.44","40.10","93.53","1644","63.42","92.90","92","59.32"
"169.68","1498.92","516.36","507.26","39.08","196.08","40.13","94.83","1642","63.03","92.70","92","59.32"
"167.93","1477.96","517.28","518.29","39.12","194.17","40.06","94.98","1643","62.53","92.60","92","59.32"
"164.57","1464.96","507.67","500.68","38.97","191.88","39.81","94.98","1666","62.34","92.60","92","59.32"
"159","1447.93","429.08","441.3","36.79","163.88","41.79","89.75","1322","61.85","92.50","92","59.32"
"124.89","1329.91","463.60","441.3","38.14","144.04","40.33","94.19","1354","61.36","92.50","92","59.23"
"138.55","1355.91","548.20","628.16","39.37","150.76","40.57","94.98","1364","61.01","92.50","92","59.32"
"131.07","1368.92","470.18","447.88","38.15","150.99","40.21","93.93","1392","60.72","92.50","92","59.32"
"128.94","1344.93","443.87","447.88","37.53","147.63","40.55","94.54","1379","60.33","92.50","92","59.23"
"124.89","1323.96","464.47","463.27","38.10","144.35","40.36","94.98","1380","59.94","92.50","92","59.23"
"125.89","1331.93","464.97","467.68","38.02","145.19","40.19","94.98","1381","59.64","92.50","92","59.23"
"126.5","1331.93","463.96","461.07","38.02","145.88","40.47","94.79","1377","59.25","92.40","92","59.23"
"126.34","1323.96","491.21","447.88","39.36","149.16","38.26","94.98","1457","58.96","92.30","92","59.23"
"166.48","1389.97","715.77","714","43.59","229.72","38.33","94.98","2236","58.61","92.30","92","59.23"
"324.02","1410.94","1060.57","1081.25","51.40","404.74","37.07","94.98","3146","58.41","92.20","92","59.23"
"411.84","1725.98","1390.99","1400.28","57.05","499.96","37.95","9.99","3236","58.96","92.10","91","59.32"
"545.97","2071.96","1529.27","1562.96","60.52","638.44","35.34","9.99","3442","59.35","91.90","91","59.32"
"716.49","2588.96","1607.27","1615.76","62.59","825.28","34.16","9.99","3670","60.92","91.70","91","59.42"
"860.23","2896.95","1621.88","1620.13","62.99","952.16","33.94","9.99","3916","63.12","91.60","91","59.52"
"898.83","2866.92","1616.58","1635.57","63.39","962.46","33.89","9.99","4159","65.92","91.60","91","59.52"
"900.59","2793.95","1609.15","1622.34","63.52","971.24","33.37","9.99","4375","68.96","91.80","92","59.52"
"908.44","2761.91","1604.36","1620.13","63.72","987.26","34.78","9.99","4481","72.34","92","92","59.62"
"749.45","2772.99","1608.97","1602.57","63.62","832.68","34.90","9.99","3556","75.33","92.40","92","59.72"
"668.65","2421.97","484.97","557.9","26.06","636.07","41.21","47.31","3512","77.05","92.80","93","59.72"
"323.34","1475.94","410.39","377.48","37.27","354.24","41.29","51.95","2707","76.76","93.20","93","59.72"
"261.08","1387.96","372.00","373.1","36.24","307.09","42.08","51.77","2619","76.32","93.70","94","59.52"
"247.73","1317.92","369.98","370.9","36.20","292.97","42.06","51.56","2577","75.63","94","94","59.42"
"242.92","1290","367.18","366.5","36.13","282.98","42.01","51.42","2508","74.94","94.30","94","59.32"
"228.35","1277","362.71","366.5","35.96","262.99","42.36","51.39","2392","74.01","94.40","94","59.23"
"210.35","1259.97","359.09","362.07","35.76","238.04","42.43","51.37","2261","73.23","94.40","94","59.13"
"192.8","1239.92","654.31","689.88","42.67","219.20","42","65.83","2160","72.15","94.30","94","59.13"
"182.04","1220.96","691.55","692.05","43.06","210.50","41.84","74.12","2125","71.21","94.10","93","59.13"
"180.44","1205.95","698.38","696.46","43.00","204.93","41.69","78.73","2098","70.23","93.90","93","58.93"
"175.78","1197.98","699.67","700.91","42.90","200.73","41.91","82.50","2073","69.55","93.70","93","58.93"
"173.34","1188.92","699.99","698.57","42.77","196.69","41.89","87.71","2045","68.96","93.50","93","58.93"
"172.58","1184.98","699.99","705.29","42.75","193.94","41.71","92.37","2014","68.42","93.20","92","58.93"
"169.3","1180.96","699.99","698.57","42.87","191.27","41.73","94.98","1983","67.73","93","92","58.93"
"167.54","1173.91","699.99","705.29","42.92","188.14","42.04","94.98","1950","67.05","92.70","92","58.93"
"164.64","1169.97","699.99","705.29","42.71","185.24","42.25","94.98","1926","66.46","92.50","92","58.93"
"162.13","1163.93","699.99","700.91","42.89","182.57","42.33","94.98","1903","65.72","92.30","91","58.93"
"158.46","1161.91","382.57","566.68","36.17","181.43","40.24","94.98","1939","65.23","92","91","58.93"
"173.57","1265.92","468.98","445.68","38.04","200.43","40.59","94.78","1904","64.64","91.80","91","58.93"
"180.9","1321.95","428.48","425.87","37.20","210.19","40.75","91.45","1899","64.25","91.50","91","58.93"
"182.65","1340.99","467.40","463.27","38.14","209.35","40.38","89.87","1896","63.61","91.30","91","58.93"
"185.4","1372.94","455.41","452.29","37.89","212.79","40.39","88.44","1894","63.12","91.10","90","59.13"
"198.37","1460.93","762.55","786.58","44.27","236.59","39.06","94.98","1900","63.03","90.90","90","59.13"
"244.53","1543.97","1011.95","986.77","51.34","382.70","37.37","87.89","3552","62.53","90.70","90","59.13"
"420.84","1618.95","1355.65","1395.87","57.16","506.45","35.56","9.99","3469","62.73","90.50","90","59.23"
"596.47","2148.96","1563.56","1587.18","61.30","693.60","34.66","9.99","3668","63.61","90.30","90","59.32"
"788.89","2703.96","1612.54","1609.15","63.03","895.25","33.89","9.99","3897","65.04","90.20","89","59.32"
"887.08","2879.92","1618.76","1624.58","63.32","968.34","33.80","9.99","4112","67.15","90.10","90","59.42"
"900.66","2815.93","1611.26","1613.55","63.47","971.77","33.87","9.99","4344","69.65","90.10","90","59.42"
"902.04","2766.94","1604.59","1617.93","63.57","981.54","33.74","9.99","4520","72.83","90.30","90","59.52"
"892.96","2663.95","1599.95","1538.84","63.91","850.69","31.80","9.99","3542","75.83","90.50","90","59.52"
"590.68","2112.97","393.97","364.38","37.31","553.60","41.33","48.53","3467","77.05","90.90","91","59.52"
"350.04","1417.99","393.10","390.67","36.96","393.15","42.27","53.54","3348","77.05","91.30","91","59.52"
"302.28","1302.9","392.18","403.9","36.79","358.36","42.58","53.08","3282","76.86","91.70","92","59.42"
"324.33","1383.93","1104.55","1197.84","53.26","409.55","36.97","66.45","3315","76.76","92.10","92","59.32"
"435.19","1746.94","1000.55","1039.47","51.06","508.89","32.48","14.25","3361","76.86","92.30","92","59.32"
"548.26","2107.94","1531.66","1554.27","60.83","635.38","35.65","9.99","3449","77.05","92.50","92","59.42"
"693.75","2610.94","1604.68","1593.76","63.03","792.78","34.45","9.99","3590","77.74","92.60","92","59.52"
"622.95","2257.9","395.07","364.38","37.09","591.90","41.50","46.36","3536","78.23","92.80","92","59.52"
"378.88","1451.95","467.50","474.26","25.81","417.33","39.85","50.68","3484","77.93","92.80","92","59.52"
"310.14","1329.91","743.88","771.27","43.61","357.37","52.23","46.82","2748","77.54","92.90","93","59.52"
"262","1396.93","917.46","940.49","48.68","322.88","37.29","94.98","2673","77.44","93.10","93","59.42"
"361.49","1626.91","987.46","1050.45","35.55","445.94","51.32","28.67","3521","77.05","93.20","93","59.42"
"383.08","1494.99","1247.88","1340.86","54.92","467.15","37.12","13.92","3509","76.51","93.20","93","59.52"
"546.88","2041.93","1534.78","1547.53","61.19","635.23","35.65","9.99","3595","76.32","93.20","93","59.52"
"723.66","2639.96","1607.96","1598.16","63.18","837.95","34.23","9.99","3698","76.76","93.10","93","59.52"
"700.16","2411.99","706.66","694.16","44.49","679.33","38.70","9.99","3724","77.05","93.10","92","59.62"
"501.79","2043.94","1430.94","1459.56","58.76","503.78","36.40","77.55","2896","77.05","93","93","59.62"
"403.3","1962.92","1282.08","1371.56","43.61","481.27","51.68","15.30","2857","76.51","93.10","93","59.72"
"291.83","1404.99","383.90","342.28","36.63","327.23","41.61","50.96","2824","75.33","93.10","93","59.62"
"260.17","1323.96","379.36","384.09","36.35","304.95","42.49","51.50","2719","74.65","93.10","93","59.52"
"250.25","1293.93","376.06","370.9","36.25","293.89","42.07","51.33","2673","73.91","93.10","93","59.42"
"244.98","1267.93","373.29","370.9","36.32","287.17","41.92","51.25","2633","73.23","93.10","93","59.32"
"242.69","1254.93","371.08","373.1","36.20","281.45","42.14","51.24","2584","72.15","93","92","59.23"
"235.98","1250.99","365.39","366.5","36.02","273.67","42.25","51.28","2479","71.21","92.90","92","59.13"
"221.03","1246.97","362.07","362.07","35.93","255.13","42.33","51.29","2380","70.04","92.70","92","59.13"
"204.78","1233.96","358.91","362.07","35.81","235.37","42.43","51.33","2289","69.35","92.50","92","58.93"
"197.99","1216.94","357.90","362.07","35.80","226.06","42.33","51.35","2255","68.62","92.20","91","58.93"
"193.33","1203.94","355.60","353.35","35.69","217.14","42.51","63.17","2177","67.93","91.90","91","58.93"
"183.03","1201.92","349.99","337.99","35.55","205.46","42.12","80.31","2082","67.24","91.70","91","58.93"
"171.43","1186.91","345.99","348.98","35.40","193.87","42.18","94.98","1995","66.65","91.40","91","58.83"
"164.49","1178.94","342.09","348.98","35.30","186.08","42.21","94.98","1900","66.02","91.20","90","58.83"
"155.18","1167.95","338.59","346.68","35.30","177.39","42.39","94.98","1820","65.33","90.90","90","58.83"
"149.54","1158.98","336.20","322.46","35.16","171.89","41.96","94.98","1768","64.64","90.70","90","58.83"
"144.58","1152.94","334.69","326.92","34.99","167.24","41.80","94.98","1732","64.15","90.50","90","58.83"
"153.58","1212.91","579.09","560.1","42.34","191.42","38.67","94.98","1830","63.52","90.30","90","58.83"
"185.17","1449.94","730.97","751.38","43.69","226.83","39.63","94.98","1842","63.52","90.10","89","58.83"
"208.36","1575.92","788.97","790.99","44.80","251.77","38.43","94.98","2076","63.12","90","89","58.93"
"271.38","1571.98","923.70","958.08","46.99","332.26","37.88","94.98","2478","62.53","89.80","89","59.13"
"289.39","1699.97","974.77","971.4","48.24","359.35","37.50","94.98","2465","62.44","89.70","89","59.23"
"307.24","1780.91","1040.39","1037.27","49.72","388.57","37.73","94.98","2540","62.53","89.50","89","59.23"
"334.32","1844.9","1170.67","1160.44","51.64","414.89","37.58","94.98","2588","62.44","89.50","89","59.32"
"360.04","1911.92","1246.65","1241.9","53.24","441.44","36.84","94.98","2672","62.53","89.40","89","59.32"
"385.14","1953.95","1277.76","1281.48","54.51","463.87","36.72","94.35","2743","62.73","89.50","89","59.32"
"400.24","1968.96","1308.18","1307.76","55.08","479.67","37.07","94.98","2806","63.03","89.50","89","59.32"
"415.35","1962.92","1328.54","1325.47","55.65","489.89","37.04","94.98","2881","63.22","89.60","89","59.32"
"436.48","1983.98","1375.87","1384.75","56.89","511.18","36.33","94.98","2979","63.61","89.70","89","59.32"
"389.56","1742.91","387.78","375.28","36.13","408.79","41.45","48.98","2888","63.61","89.80","90","59.42"
"274.74","1353.99","376.38","377.48","36.05","316.17","42.23","51.87","2626","63.52","90","90","59.32"
"242.54","1323.96","362.81","362.07","35.81","278.86","42.29","51.72","2360","63.61","90.10","90","59.32"
"208.36","1293.93","595.67","593.1","41.48","236.13","41.58","65.77","2162","63.42","90.30","90","59.23"
"184.48","1248.98","680.15","685.38","42.75","207.83","41.99","88.41","2031","63.12","90.40","90","59.13"
"175.55","1214.92","375.46","540.17","36.13","197.45","41.88","94.98","2010","63.03","90.50","90","58.93"
"192.64","1398.95","746.50","768.97","44.13","240.02","38.76","94.98","2012","63.12","90.50","90","58.93"
"225.15","1601.92","775.69","799.77","44.05","275.88","38.52","94.98","2060","63.12","90.50","90","58.93"
"242.54","1695.95","862.36","856.94","46.03","299.84","38.11","94.98","2109","63.03","90.50","90","59.13"
"256.2","1750.97","843.60","894.35","42.13","315.94","49.98","44.29","2129","62.83","90.50","90","59.13"
"227.44","1620.96","551.75","507.26","39.31","268.18","39.94","60.31","2136","62.73","90.50","90","59.23"
"238.65","1618.95","826.88","867.97","44.04","289.69","40.30","76.32","2147","62.83","90.50","90","59.23"
"252.15","1695.95","873.39","854.77","46.44","311.89","38.13","94.98","2194","63.03","90.60","90","59.23"
"265.28","1742.91","908.45","916.36","46.82","328.37","38.36","94.98","2245","63.12","90.80","90","59.32"
"276.57","1774.96","940.86","934","47.40","342.87","38.34","60.87","2278","63.12","90.80","90","59.32"
"233.39","1464.96","389.98","384.09","36.74","265.58","38.56","94.98","2344","63.12","90.90","91","59.32"
"249.87","1603.93","866.49","907.58","46.43","315.25","38.67","94.98","2352","63.42","91.10","91","59.23"
"274.36","1733.94","923.70","934","47.55","324.86","38.96","94.98","1972","63.61","91.20","91","59.32"
"252.38","1746.94","920.08","918.56","47.82","337.68","36.64","94.98","2495","63.61","91.30","91","59.32"
"293.35","1761.96","964.66","931.75","48.55","371.25","38.39","94.98","2459","63.96","91.50","91","59.32"
"316.85","1829.98","1074.67","1090.08","45.92","375.98","51.49","30.22","2448","64.25","91.60","91","59.32"
"228.05","1496.91","348.61","337.99","34.76","228.35","42.24","94.84","1810","64.15","91.70","91","59.32"
"171.28","1319.93","337.30","337.99","34.80","194.25","42.56","94.98","1779","63.86","91.90","92","59.23"
"151.83","1222.98","572.51","555.69","40.91","170.14","41.01","94.98","1681","63.52","92","92","59.13"
"139.47","1186.91","676.97","696.46","42.54","161.44","54.29","94.98","1671","63.22","92.10","92","59.13"
"165.56","1250.99","681.16","689.88","42.38","195.54","39.35","94.98","1774","63.12","92.30","92","59.13"
"192.87","1498.92","768.28","762.37","44.15","249.48","38.66","94.98","2148","63.12","92.40","92","59.13"
"262.68","1579.95","889.60","896.46","46.66","325.09","38.45","94.98","2410","63.03","92.30","92","59.13"
"286.49","1710.96","967.87","958.08","48.08","359.73","37.79","94.98","2463","63.03","92.30","92","59.23"
"316.24","1793.91","1085.89","1074.67","50.66","396.73","37.26","94.98","2557","63.12","92.20","92","59.23"
"281.38","1479.97","365.58","373.1","34.87","316.85","42.26","50.14","2332","63.03","92.10","92","59.32"
"197.99","1408.92","346.50","348.98","34.80","209.05","42.23","94.98","1781","62.83","92.10","92","59.23"
"150.76","1265.92","327.19","326.92","34.60","163.35","42.06","94.98","1561","62.53","92.10","92","59.23"
"131.07","1195.97","335.61","331.29","35.12","157.93","41.20","94.98","1764","62.14","92.20","92","59.13"
"153.73","1165.94","338.18","346.68","35.04","174.94","42.53","94.98","1795","61.85","92.20","92","59.13"
"141.45","1171.98","543.88","428.07","40.39","155.79","41.63","94.98","1580","61.65","92.30","92","59.13"
"116.73","1163.93","320.26","298.29","34.27","130.39","42.58","94.98","1481","61.36","92.20","92","58.93"
"132.68","1139.94","326.27","337.99","34.77","148.09","42.50","94.98","1552","61.01","92.20","92","58.93"
"114.75","1141.95","314.10","320.4","34.45","125.12","42.64","94.64","1340","60.92","92.10","92","58.93"
"95.75","1126.94","480.41","590.9","22.22","103.00","39.39","94.98","1128","60.92","92.10","92","58.93"
"83.77","1088.94","310.47","320.4","34.25","97.43","42.57","94.98","1186","60.72","92.10","91","58.93"
"89.65","1079.97","311.48","313.68","34.42","93.84","42.66","94.98","993","60.62","92","91","58.93"
"60.88","1066.97","315.01","331.29","34.49","69.20","42.58","94.98","745","60.62","91.90","91","58.83"
"80.03","1032.91","364.98","335.7","35.81","94.68","40.49","94.78","1214","60.52","92","92","58.93"
"132.07","1148.91","629.59","639.19","41.93","165.64","38.81","94.98","1770","60.62","92.10","92","58.93"
"162.97","1404.99","697.47","696.46","42.67","199.05","39.27","94.98","1730","61.01","92.10","92","59.13"
"190.28","1545.98","767.46","742.55","43.85","234.00","38.60","94.98","1829","61.46","92.10","92","59.13"
"223.54","1635.98","817.68","812.96","44.77","274.36","38.48","94.98","2066","61.75","92.10","92","59.23"
"257.19","1682.95","448.07","702.97","23.57","298.24","38.24","59.64","2178","62.04","92.10","92","59.23"
"169.45","1490.96","314.19","313.68","33.83","150.07","42.90","94.35","1226","62.14","92.30","92","59.32"
"119.17","1248.98","310.88","313.68","34.06","129.47","42.36","94.75","1313","62.04","92.50","92","59.23"
"98.57","1161.91","593.10","612.87","41.06","105.90","41.50","94.98","1147","62.04","92.70","92","59.13"
"85.53","1105.97","681.99","696.46","42.37","92.24","42.19","94.98","977","62.04","92.90","93","59.13"
"67.37","1073.93","315.01","529.18","33.99","69.20","51.02","94.98","729","62.04","93.10","93","59.13"
"58.37","1041.98","315.01","333.5","34.18","64.93","43.12","94.98","712","61.75","93.30","93","59.13"
"56.53","1024.95","315.01","293.98","34.41","64.24","42.16","94.98","724","61.46","93.50","93","59.13"
"52.8","1020.92","315.01","309.28","34.26","60.88","42.18","94.98","721","61.46","93.70","93","59.13"
"56.08","1015.97","315.01","309.28","34.44","63.63","42.51","94.98","724","61.36","93.80","93","59.13"
"55.47","1015.97","315.01","311.48","34.36","61.88","42.36","94.98","717","61.36","93.90","94","59.13"
"54.4","1015.97","315.01","309.28","34.39","61.65","42.24","94.98","717","61.21","94","94","59.13"
"55.92","1015.97","315.01","313.68","34.48","62.87","42.27","94.98","719","61.21","94.10","94","59.13"
"55.39","1015.97","315.01","313.68","34.41","62.33","42.37","94.98","719","61.36","94.10","94","59.13"
"55.39","1011.95","315.01","315.88","34.32","62.18","42.62","94.98","719","61.36","94.20","94","59.13"
"54.4","1011.95","315.01","315.88","34.32","62.26","42.64","94.98","720","61.36","94.20","94","59.13"
"54.86","1011.95","315.01","309.28","34.30","62.03","42.41","94.98","718","61.46","94.30","94","59.13"
"55.24","1011.95","315.01","311.48","34.29","62.03","42.42","94.98","722","61.46","94.30","94","59.13"
"54.47","1011.95","315.01","315.88","34.37","61.88","42.47","94.98","720","61.46","94.40","94","59.23"
"54.47","1011.95","315.01","318.06","34.27","61.49","42.49","94.98","718","61.65","94.50","94","59.13"
"55.39","1011.95","315.01","311.48","34.27","62.49","42.36","94.98","730","61.65","94.50","94","59.23"
"56.38","1015.97","315.01","315.88","34.37","63.55","42.59","94.98","730","61.75","94.60","94","59.23"
"55.77","1015.97","315.01","313.68","34.36","62.56","42.19","94.98","718","61.85","94.70","94","59.23"
"55.54","1011.95","315.01","311.48","34.35","62.18","42.41","94.98","720","61.85","94.80","94","59.23"
"54.55","1011.95","315.01","315.88","34.56","58.75","40.26","94.98","911","62.04","94.90","94","59.23"
"120.7","1079.97","585.78","590.9","40.48","151.83","39.47","94.98","1707","62.44","94.90","95","59.23"
"174.64","1336.96","703.11","709.6","42.81","217.14","38.91","94.98","1987","63.22","95","95","59.32"
"223.39","1539.94","809.47","804.18","44.66","283.13","37.80","94.98","2354","63.96","95.10","95","59.32"
"305.94","1597.98","1049.86","1061.48","49.78","396.28","37.13","90.83","3147","64.74","95.20","95","59.42"
"468.15","1755.91","1482.26","1527.76","56.34","572.59","41.88","9.99","3109","65.92","95.30","95","59.42"
"278.32","1637.99","1190.25","1193.47","51.94","355.15","37.19","94.98","2577","66.65","95.40","95","59.52"
"395.97","1964.93","1325.05","1325.47","55.05","493.48","36.99","83.54","2981","67.54","95.60","95","59.52"
"498.44","2003.93","1470.36","1466.14","58.83","590.98","36.14","9.99","3463","68.52","95.80","96","59.62"
"684.14","2424.99","1592.69","1620.13","61.56","795.38","34.44","9.99","3942","69.94","96.10","96","59.62"
"876.48","2774.91","1608.55","1624.58","62.17","965.44","33.82","9.99","4367","72.64","96.40","96","59.72"
"660.94","2731.97","1614.38","1589.38","62.89","712.67","35.15","9.99","3138","75.63","96.70","97","59.72"
"681.47","2742.96","1609.24","1613.55","63.14","771.27","61.38","50.75","3226","77.25","97","97","59.81"
"400.09","1646.96","390.90","337.99","36.46","398.34","41.07","51.87","2952","77.44","97.40","97","59.81"
"240.25","1438.95","372.51","362.07","35.88","260.93","42.07","94.98","1961","77.25","97.70","98","59.72"
"171.13","1351.98","335.47","344.57","34.98","188.68","42.40","94.98","1678","76.86","98.10","98","59.72"
"130.24","1239.92","319.90","320.4","34.72","144.96","36.81","94.98","1467","76.51","98.50","98","59.62"
"112.15","1190.93","657.95","696.46","42.43","122.83","42.08","94.97","1297","76.12","98.70","99","59.52"
"97.73","1150.93","312.67","309.28","34.29","119.63","42.10","94.86","1389","76.02","98.90","99","59.52"
"100.63","1130.97","307.17","302.7","34.25","109.86","41.96","94.98","1226","75.63","99.10","99","59.42"
"87.43","1113.94","560.60","487.49","40.80","94.38","41.76","94.98","1015","75.43","99.20","99","59.42"
"70.73","1079.97","315.01","546.77","34.29","71.49","51.15","94.98","746","74.94","99.20","99","59.32"
"56.15","1045.91","315.01","360.01","34.36","64.77","44.38","94.98","745","74.65","99.30","99","59.42"
"105.44","1032.91","537.07","511.66","40.24","143.13","39.07","94.98","1730","74.26","99.30","99","59.42"
"173.34","1319.93","701.60","720.58","42.96","215.53","39.01","94.98","1899","74.65","99.30","99","59.42"
"201.95","1562.92","760.88","766.77","43.88","251.70","38.59","94.98","1973","74.94","99.30","99","59.52"
"236.44","1686.97","842.27","835.06","45.48","298.47","38.21","94.98","2197","75.33","99.30","99","59.62"
"276.49","1750.97","930.28","929.55","47.58","350.04","37.65","94.98","2481","75.63","99.20","99","59.62"
"328.98","1793.91","1119.76","1114.25","51.12","422.45","35.98","91.54","2822","76.02","99.30","99","59.72"
"421.53","1906.98","1383.05","1415.66","56.00","520.56","36.63","9.99","3207","76.86","99.30","99","59.81"
"548.56","2109.95","1533.86","1554.27","60.35","644.54","35.52","9.99","3644","77.93","99.40","99","59.91"
"760.13","2622.93","1602.06","1620.13","62.75","884.87","34.44","9.99","4144","79.45","99.60","99","59.91"
"896.24","2845.96","1606.95","1622.34","62.74","988.10","36.77","9.99","3500","81.61","99.70","99","60.16"
"641.18","2723.91","1606.35","1613.55","62.57","717.17","35.03","9.99","3212","83.23","99.90","100","60.16"
"536.58","2156.92","391.86","441.3","25.40","527.05","41.75","47.47","3189","83.82","100.10","100","60.26"
"294.35","1447.93","377.48","377.48","36.02","328.68","41.91","52.50","2482","83.43","100.50","100","60.26"
"211.79","1455.98","351.09","346.68","35.37","237.96","41.77","89.30","2034","83.23","100.80","101","60.26"
"171.97","1306.93","339.98","351.09","35.22","193.64","42.29","94.98","1827","82.74","101.20","101","59.91"
"145.19","1244.95","623.58","630.5","41.84","164.64","41.30","94.98","1648","82.35","101.40","101","59.91"
"137.64","1203.94","685.89","707.4","42.64","157.63","42.16","94.98","1638","82.05","101.50","101","59.81"
"132.3","1184.98","377.98","425.87","36.33","152.90","39.44","94.98","1709","81.42","101.60","101","59.72"
"154.88","1338.98","664.28","685.38","42.28","187.46","39.33","94.98","1699","80.93","101.60","101","59.81"
"178.23","1507.99","716.27","702.97","43.41","213.85","38.51","94.98","1741","80.53","101.60","101","59.81"
"194.93","1624.99","773.10","760.28","44.11","237.96","38.50","94.98","1817","80.24","101.50","101","59.81"
"213.09","1706.93","574.27","709.6","38.49","245.75","40.71","80.28","1854","79.45","101.40","101","59.91"
"219.96","1643.94","765.49","749.21","44.94","253.38","38.60","94.98","1755","78.91","101.30","101","60.16"
"202.64","1532.98","335.79","333.5","34.42","216.68","42.18","92.90","1727","78.42","101.20","101","60.16"
"160.98","1400.96","328.95","329.09","34.54","169.76","41.73","94.98","1441","77.93","101.10","100","60.16"
"107.19","1280.93","308.18","302.7","34.08","113.98","42.14","94.98","1143","77.44","101","100","60.16"
"87.89","1161.91","313.59","311.48","34.34","95.29","41.99","94.98","982","77.05","100.90","100","59.91"
"73.17","1101.94","627.20","661.26","41.95","81.86","42.03","94.98","932","76.32","100.90","100","59.91"
"79.5","1058.91","686.57","698.57","42.84","88.35","42.15","94.98","1000","76.02","100.80","100","59.91"
"74.16","1054.98","697.47","702.97","42.73","81.03","42.61","94.98","911","75.43","100.80","100","59.81"
"80.8","1037.95","699.49","687.58","42.56","90.79","42.21","94.98","1061","74.94","100.80","100","59.81"
"76.14","1049.94","699.90","696.46","42.51","85.37","42.15","94.98","992","74.65","100.70","100","59.91"
"77.13","1049.94","326.27","379.68","34.43","87.66","42.04","94.83","1049","74.26","100.70","100","59.81"
"82.55","1081.99","473.48","423.76","39.07","101.47","39.73","94.98","1233","73.91","100.60","100","59.91"
"140.23","1203.94","647.38","652.47","42.33","178.68","38.88","94.98","1814","73.91","100.50","100","59.91"
"188.37","1443.99","736.39","735.97","43.47","234.76","38.89","94.98","1970","73.72","100.30","99","60.16"
"206.07","1639.92","825.87","808.58","45.18","240.86","38.49","94.98","1754","73.72","100","99","60.26"
"207.6","1710.96","829.17","828.39","45.20","242.39","39.24","94.98","1667","73.52","99.70","99","60.26"
"201.19","1725.98","838.46","832.77","45.02","243.38","39.12","94.98","1737","73.23","99.50","99","60.35"
"222.17","1720.94","880.88","863.6","46.45","314.03","35.95","94.98","2727","73.23","99.40","99","60.35"
"336.46","1658.96","1143.47","1151.66","51.56","435.19","37.11","93.33","3096","73.23","99.30","99","60.35"
"457.24","1868.98","1441.97","1464.05","57.70","551.23","35.86","9.99","3487","74.01","99.30","99","60.45"
"661.94","2361.91","1591.68","1624.58","61.89","788.66","34.86","9.99","3933","75.33","99.30","99","60.65"
"528.95","1804.99","394.48","311.48","36.34","474.94","41.14","51.96","3222","76.02","99.40","99","60.65"
"246.66","1537.92","367","370.9","35.67","264.29","41.83","94.98","1997","76.02","99.50","99","60.65"
"172.27","1340.99","336.39","346.68","35.08","189.06","42.56","94.98","1712","75.83","99.60","99","60.45"
"134.43","1235.98","569.39","549.07","41.01","149.46","41.20","94.98","1478","75.63","99.80","100","60.45"
"112.15","1190.93","676.37","709.6","42.71","126.19","42.57","94.94","1367","75.63","100","100","60.35"
"105.06","1152.94","695.59","702.97","42.72","119.10","42.67","94.94","1327","75.43","100.10","100","60.26"
"98.88","1135.91","699.16","680.98","42.53","111.54","41.97","94.94","1284","75.33","100.20","100","60.26"
"93.46","1116.96","699.76","696.46","42.52","105.67","42.01","94.98","1244","75.33","100.30","100","60.26"
"91.78","1101.94","699.99","707.4","42.54","101.78","42.18","94.98","1195","75.14","100.30","100","60.26"
"88.2","1088.94","699.99","709.6","42.59","97.43","42.42","94.98","1136","74.94","100.40","100","60.26"
"83.47","1075.94","699.99","711.89","42.71","92.93","42.56","94.98","1083","74.65","100.40","100","60.26"
"81.48","1062.94","699.99","685.38","42.57","90.03","42","94.98","1046","74.45","100.30","100","60.26"
"77.13","1049.94","326.78","568.79","34.49","88.88","50.88","94.98","1190","73.91","100.30","100","60.26"
"94.45","1133.99","558.08","566.68","40.01","107.04","41.50","94.98","1172","73.91","100.20","100","60.35"
"99.03","1186.91","323.38","276.28","34.28","108.80","41.41","93.55","1182","73.72","100.20","100","60.35"
"89.27","1139.94","309.97","298.29","34.23","100.48","42.07","94.92","1137","73.32","100.20","99","60.35"
"85.53","1094.99","310.98","315.88","34.27","95.14","42.77","94.98","1086","73.23","100","99","60.35"
"82.09","1071.91","313.59","296.09","34.34","89.57","39.32","94.98","1023","72.83","99.90","99","60.45"
"76.98","1054.98","651.46","676.6","42.12","85.68","42","94.98","975","72.54","99.90","99","60.35"
"73.09","1041.98","690.80","709.6","30.61","81.03","51.35","94.98","866","72.15","99.80","99","60.35"
"80.87","1032.91","434.79","395.07","38.51","111.54","38.54","94.98","1527","71.95","99.70","99","60.45"
"155.95","1244.95","682.26","714","42.56","195.85","39.15","94.98","1885","71.95","99.70","99","60.45"
"141.07","1440.97","312.99","472.06","33.84","127.95","51.05","92.87","1097","72.15","99.60","99","60.55"
"92.16","1212.91","311.07","293.98","34.10","104.07","42.51","94.84","1116","71.66","99.50","99","60.65"
"86.29","1122.91","311.57","307.08","34.30","96.59","42.57","94.98","1077","71.41","99.40","99","60.65"
"83.24","1084.91","313.68","291.71","34.36","90.94","41.57","94.98","1031","71.12","99.30","99","60.65"
"79.5","1064.96","315.01","309.28","34.38","86.98","41.73","94.98","980","70.92","99.30","99","60.45"
"75.23","1049.94","315.01","320.4","34.38","83.92","41.73","94.98","988","70.72","99.30","99","60.55"
"94.38","1079.97","536.29","531.48","39.71","114.14","39.54","94.98","1353","70.72","99.30","99","60.65"
"110.86","1225.91","309.19","271.87","34.18","108.34","41.91","93.89","985","70.72","99.30","99","60.65"
"67.37","1120.99","315.01","318.06","34.38","73.47","42.78","94.98","783","70.43","99.20","99","60.65"
"83.24","1060.93","370.81","342.28","36.45","100.63","40.24","94.98","1311","70.04","99.20","99","60.65"
"111.77","1167.95","357.58","399.45","34.97","121.16","42.69","92.84","1195","70.04","99.10","99","60.75"
"90.18","1152.94","311.89","298.29","34.22","98.27","42.10","94.70","1018","69.94","99.10","98","60.75"
"77.74","1086.93","314.28","311.48","34.25","90.56","42.50","94.98","1036","69.65","99","98","60.75"
"79.88","1058.91","314.88","313.68","34.29","87.36","42.37","94.98","988","69.55","98.90","98","60.75"
"76.07","1045.91","315.61","307.08","34.41","85.45","41.36","94.98","1017","69.35","98.90","98","60.75"
"92.77","1079.97","371.18","430.27","35.58","105.44","42.39","93.00","1238","69.25","98.90","98","60.75"
"80.26","1113.94","315.01","298.29","34.29","87.28","41.90","94.98","916","69.25","98.90","98","60.75"
"59.74","1062.94","315.01","329.09","34.26","68.97","43.06","94.98","725","69.06","98.80","98","60.75"
"57.76","1028.98","315.01","315.88","34.24","64.24","42.65","94.98","717","68.62","98.80","98","60.75"
"56.46","1015.97","315.01","315.88","34.34","63.63","42.69","94.98","720","68.42","98.70","98","60.75"
"55.54","1007.92","315.01","311.48","34.35","63.10","42.75","94.98","720","68.22","98.70","98","60.75"
"55.16","1002.97","315.01","311.48","34.34","62.64","42.74","94.98","719","68.13","98.70","98","60.75"
"56.69","1002.97","315.01","318.06","34.22","64.85","42.96","94.98","758","67.83","98.70","98","60.84"
"63.32","998.95","315.01","313.68","34.26","72.79","42.87","94.98","838","67.73","98.70","98","60.75"
"64.16","1007.92","315.01","313.68","34.37","72.33","42.78","94.98","821","67.54","98.70","98","60.84"
"63.25","1007.92","315.01","313.68","34.30","71.64","42.91","94.98","796","67.44","98.70","98","60.84"
"57.3","1011.95","315.01","315.88","34.29","63.25","42.94","94.98","717","67.24","98.70","98","60.84"
"56.84","1004.99","315.01","318.06","34.29","62.64","42.70","94.98","720","67.15","98.70","98","60.84"
"55.54","1002.97","315.01","313.68","34.29","62.33","42.77","94.98","733","67.05","98.70","98","60.84"
"95.98","1011.95","524.99","511.66","39.62","122.00","39.46","94.98","1597","66.85","98.60","98","60.84"
"77.36","1143.97","315.01","326.92","34.37","78.89","43.53","94.98","719","67.05","98.50","98","60.84"
"57.3","1056.99","315.01","320.4","34.26","65.69","42.91","94.98","717","66.75","98.40","98","60.84"
"56.84","1024.95","315.01","318.06","34.26","63.55","42.88","94.98","719","66.65","98.30","98","60.84"
"57.14","1011.95","315.01","311.48","34.26","63.10","43.03","94.98","721","66.46","98.20","98","60.84"
"56.69","1007.92","315.01","313.68","34.22","63.10","42.80","94.98","725","66.31","98.10","97","60.84"
"56.15","1002.97","315.01","313.68","34.32","62.56","42.83","94.98","723","66.11","98","97","60.84"
"55.16","1002.97","315.01","313.68","34.21","62.26","43.06","94.98","719","66.11","97.90","97","61.04"
"54.09","1002.97","315.01","313.68","34.37","58.98","42.72","94.98","691","66.02","98","97","60.84"
"54.86","1002.97","315.01","318.06","34.36","61.88","42.45","94.98","724","65.92","98","98","60.84"
"54.63","1007.92","315.01","315.88","34.25","61.65","42.69","94.98","719","65.92","98.10","98","61.04"
"54.4","1009.93","315.01","313.68","34.30","61.34","42.48","94.98","719","65.72","98.10","98","61.04"
"53.48","1007.92","315.01","315.88","34.25","61.26","42.35","94.98","719","65.72","98.10","98","61.04"
"86.29","1009.93","520.49","498.48","38.93","117.49","40.42","94.98","1549","65.62","98","98","61.04"
"106.58","1173.91","333.86","335.7","34.39","108.87","42.21","93.65","1079","66.02","98","97","61.04"
"77.36","1130.97","315.61","298.29","34.07","85.76","42.29","94.71","790","66.11","97.90","97","61.04"
"61.8","1066.97","315.01","322.46","34.22","67.83","43.00","94.98","730","66.02","97.80","97","61.04"
"58.06","1032.91","315.01","318.06","34.12","64.09","42.62","94.98","717","65.92","97.70","97","61.04"
"56.46","1017.99","315.01","315.88","34.27","62.87","42.96","94.98","716","65.72","97.60","97","61.04"
"55.08","1011.95","315.01","311.48","34.34","60.96","42.52","94.98","697","65.72","97.60","97","61.04"
"54.63","1007.92","315.01","309.28","34.28","61.34","42.59","94.98","717","65.62","97.50","97","61.04"
"55.7","1009.93","339.51","322.46","34.62","65.69","42.58","94.98","920","65.62","97.60","97","61.04"
"89.27","1034.93","525.31","483.09","39.29","118.79","39.79","94.98","1590","65.62","97.70","97","61.04"
"152.74","1252.92","508.27","540.17","38.27","169.99","41.56","90.00","1590","66.02","97.70","97","61.14"
"125.58","1299.98","391.49","386.29","35.45","136.19","41.90","90.03","1330","66.11","97.70","97","61.14"
"101.09","1229.94","332.76","309.28","34.43","112.84","41.43","91.01","1235","66.11","97.60","97","61.14"
"100.94","1180.96","343.98","340.17","34.93","114.98","40.24","93.92","1295","66.31","97.60","97","61.14"
"103.07","1195.97","479.21","436.85","38.75","121.23","38.60","94.98","1369","66.46","97.50","97","61.14"
"132.37","1293.93","611.99","623.76","41.11","156.94","39.54","94.98","1541","66.65","97.50","97","61.14"
"169.45","1415.97","691.55","680.98","42.49","206.15","38.92","94.98","1799","66.75","97.50","97","61.24"
"209.12","1560.9","776.88","786.58","43.99","260.85","38.92","94.98","2060","66.85","97.60","97","61.24"
"249.18","1646.96","851.88","852.56","45.45","313.73","38.12","94.98","2366","67.05","97.60","97","61.24"
"251.24","1519.98","361.20","388.46","34.42","284.73","42.67","50.68","2211","67.15","97.70","97","61.33"
"164.03","1368.92","331.98","324.71","34.26","172.05","42.16","94.89","1433","67.15","97.70","97","61.33"
"104.07","1227.92","306.75","296.09","33.95","116.43","42.25","94.98","1219","67.05","97.80","98","61.24"
"91.17","1141.95","309.87","318.06","34.04","100.48","42.79","94.98","1109","67.05","98","98","61.24"
"83.47","1092.97","473.66","593.1","34.12","93.54","51.24","94.97","1128","67.05","98.10","98","61.24"
"99.79","1139.94","566.36","568.79","39.84","112.38","40.07","94.98","1203","67.15","98.20","98","61.14"
"116.88","1259.97","386.11","509.37","34.45","124.97","48.05","87.75","1234","67.24","98.40","98","61.24"
"99.03","1190.93","307.17","263.09","33.85","108.26","41.99","94.33","1209","67.24","98.40","98","61.24"
"91.63","1122.91","309.00","304.96","34.02","100.18","42.56","94.98","1121","67.15","98.50","98","61.24"
"82.47","1084.91","313.50","311.48","34.21","90.87","42.43","94.98","1019","67.05","98.60","98","61.24"
"77.06","1058.91","646.55","669.99","41.83","85.30","42.24","94.98","974","66.85","98.70","98","61.24"
"73.62","1041.98","690.11","711.89","42.25","81.18","42.97","94.98","874","66.85","98.70","98","61.24"
"65.54","1030.99","315.01","447.88","34.00","69.96","50.69","94.98","799","66.75","98.70","98","61.24"
"57.37","1020.92","315.01","302.7","34.20","66.53","43.15","94.98","758","66.46","98.70","98","61.24"
"60.58","1011.95","315.01","302.7","34.30","65.54","42.79","94.98","746","66.31","98.80","98","61.24"
"54.78","1007.92","315.01","311.48","34.30","62.26","42.65","94.98","720","66.11","98.80","98","61.24"
"56.53","1002.97","315.01","315.88","34.26","62.18","42.66","94.98","698","66.11","98.90","98","61.24"
"52.8","1007.92","315.01","315.88","34.38","60.27","42.35","94.98","724","65.92","98.90","98","61.24"
"55.08","1009.93","315.01","318.06","34.38","61.65","42.36","94.98","727","65.92","98.90","98","61.33"
"66.99","1000.96","437.68","403.9","38.46","98.34","39.84","94.98","1431","65.72","98.90","98","61.33"
"143.59","1178.94","660.98","672.29","42.11","178.76","39.76","94.98","1807","66.02","98.90","98","61.33"
"194.78","1443.99","319.90","309.28","33.52","155.64","42.88","66.94","1085","66.46","98.90","98","61.33"
"86.14","1214.92","315.01","309.28","34.26","93.08","42.57","94.92","925","66.11","98.80","98","61.53"
"63.48","1105.97","315.01","333.5","34.48","70.57","41.54","94.98","987","66.02","98.70","98","61.33"
"118.26","1126.94","570.81","586.45","40.38","154.57","39.07","92.71","1758","66.02","98.60","98","61.33"
"114.6","1299.98","306.89","269.76","33.84","116.58","42.21","94.31","1157","66.31","98.50","98","61.53"
"80.26","1156.97","315.01","318.06","34.29","79.19","42.67","94.98","765","66.11","98.50","98","61.53"
"56.38","1077.96","315.01","322.46","34.26","63.94","42.74","94.98","722","66.02","98.50","98","61.53"
"55.47","1045.91","315.01","313.68","34.32","63.78","42.72","94.98","726","65.92","98.50","98","61.53"
"56.15","1028.98","315.01","315.88","34.27","62.79","42.88","94.98","720","65.72","98.60","98","61.53"
"54.78","1022.93","315.01","318.06","34.27","62.33","42.74","94.98","716","65.62","98.70","98","61.53"
"54.09","1020.92","315.01","311.48","34.38","60.35","42.77","94.98","709","65.62","98.80","98","61.53"
"56.08","1015.97","315.01","311.48","34.27","62.79","42.85","94.98","724","65.62","98.90","98","61.53"
"54.17","1015.97","315.01","313.68","34.32","63.78","42.67","94.98","773","65.43","98.90","99","61.53"
"56.76","1009.93","315.01","320.4","34.27","63.10","42.90","94.98","721","65.43","99","99","61.53"
"55.77","1004.99","315.01","313.68","34.27","62.49","42.97","94.98","720","65.33","99","99","61.53"
"55.24","1002.97","315.01","315.88","34.32","62.18","42.94","94.98","719","65.33","99.10","99","61.53"
"55.7","1000.96","315.01","315.88","34.32","62.26","42.91","94.98","717","65.33","99","98","61.53"
"54.55","1000.96","315.01","313.68","34.36","62.03","42.79","94.98","721","65.33","99","98","61.53"
"55.54","998.95","315.01","313.68","34.30","61.95","42.89","94.98","719","65.23","98.90","98","61.63"
"55.08","998.95","315.01","315.88","34.25","61.95","42.85","94.98","718","65.23","98.90","98","61.53"
"55.24","998.95","315.01","315.88","34.32","62.03","42.76","94.98","719","65.04","98.90","98","61.53"
"54.63","998.95","315.01","315.88","34.36","62.18","42.73","94.98","720","65.04","98.90","98","61.53"
"55.39","998.95","315.01","311.48","34.26","61.95","42.92","94.98","719","65.04","98.90","98","61.63"
"55.47","998.95","315.01","311.48","34.20","61.95","42.66","94.98","719","64.94","98.90","98","61.63"
"55.54","998.95","315.01","318.06","34.36","62.03","42.80","94.98","720","64.94","98.80","98","61.63"
"55.77","998.95","315.01","318.06","34.29","62.18","43.06","94.98","721","64.74","98.70","98","61.63"
"55.47","998.95","315.01","313.68","34.29","62.18","42.88","94.98","720","64.74","98.70","98","61.63"
"55.85","998.95","315.01","315.88","34.29","62.18","42.84","94.98","720","64.74","98.60","98","61.63"
"55.7","998.95","315.01","315.88","34.30","62.18","42.93","94.98","720","64.74","98.60","98","61.63"
"56.23","998.95","315.01","318.06","34.24","62.18","42.68","94.98","721","64.64","98.50","98","61.63"
"55.92","998.95","315.01","315.88","34.29","62.18","42.96","94.98","718","64.64","98.50","98","61.63"
"55.77","998.95","315.01","315.88","34.29","62.33","42.97","94.98","720","64.55","98.50","98","61.63"
"56.38","998.95","315.01","313.68","34.29","62.18","42.83","94.98","720","64.55","98.50","98","61.63"
"55.39","998.95","315.01","313.68","34.25","62.26","42.80","94.98","719","64.55","98.50","98","61.63"
"56.38","998.95","315.01","311.48","34.30","62.18","42.84","94.98","721","64.55","98.40","98","61.73"
"55.47","998.95","315.01","313.68","34.39","62.18","42.68","94.98","721","64.35","98.30","98","61.63"
"55.77","998.95","315.01","313.68","34.29","62.33","42.80","94.98","719","64.35","98.30","98","61.73"
"54.93","998.95","315.01","315.88","34.24","62.03","42.92","94.98","718","64.25","98.30","98","61.73"
"55.24","998.95","315.01","311.48","34.35","62.33","42.73","94.98","720","64.25","98.20","98","61.73"
"55.77","998.95","315.01","311.48","34.29","62.26","42.93","94.98","716","64.25","98.10","98","61.73"
"55.54","998.95","315.01","318.06","34.24","62.49","43.23","94.98","719","64.15","98.10","98","61.73"
"55.47","998.95","315.01","318.06","34.15","62.49","43.13","94.98","720","64.15","98.10","98","61.73"
"56.15","998.95","315.01","313.68","34.35","62.18","42.75","94.98","720","63.96","98.10","98","61.73"
"55.39","998.95","315.01","313.68","34.39","62.33","42.65","94.98","720","64.15","98.10","97","61.73"
"55.16","998.95","315.01","315.88","34.29","62.26","42.84","94.98","718","63.96","98","97","61.73"
"55.24","998.95","315.01","315.88","34.35","62.33","42.94","94.98","719","63.86","98","97","61.73"
"55.85","998.95","315.01","311.48","34.24","62.18","43.01","94.98","720","63.86","97.90","97","61.73"
"56.08","998.95","315.01","315.88","34.29","62.26","42.96","94.98","721","63.86","97.90","97","61.73"
"55.77","998.95","315.01","318.06","34.29","62.26","42.73","94.98","718","63.86","97.80","97","61.73"
"55.39","998.95","315.01","318.06","34.35","62.33","42.73","94.98","719","63.61","97.70","97","61.73"
"55.47","998.95","315.01","313.68","34.39","62.26","42.92","94.98","722","63.61","97.70","97","61.73"
"55.77","998.95","315.01","315.88","34.30","62.18","42.93","94.98","721","63.61","97.70","97","61.73"
"55.39","998.95","315.01","311.48","34.24","62.33","42.93","94.98","720","63.61","97.70","97","61.73"
"56.08","998.95","315.01","315.88","34.29","62.26","42.76","94.98","719","63.61","97.70","97","61.73"
"55.85","998.95","315.01","313.68","34.23","62.33","43.04","94.98","720","63.61","97.70","97","61.73"
"55.54","998.95","315.01","313.68","34.29","62.33","42.80","94.98","720","63.52","97.70","97","61.73"
"55.7","998.95","315.01","315.88","34.36","62.49","42.82","94.98","718","63.52","97.70","97","61.73"
"55.54","998.95","315.01","318.06","34.25","62.33","43.15","94.98","720","63.61","97.60","97","61.73"
"55.7","998.95","315.01","315.88","34.30","62.33","42.96","94.98","718","63.42","97.50","97","61.83"
"55.85","998.95","315.01","311.48","34.25","62.33","42.87","94.98","720","63.42","97.50","97","61.83"
"55.24","998.95","315.01","313.68","34.29","62.33","42.96","94.98","720","63.42","97.50","97","61.73"
"56.99","998.95","315.01","313.68","34.24","62.26","43.06","94.98","719","63.52","97.50","97","61.92"
"55.39","998.95","315.01","313.68","34.20","62.33","43.00","94.98","722","63.42","97.50","97","61.83"
